City_ID,City,Country,Date,Lat,Lng,Max Temp,Humidity,Cloudiness,Wind Speed
0,Punta Arenas,CL,2021-12-11 13:54:55,-53.15,-70.9167,55.42,76,75,9.22
1,Mount Gambier,AU,2021-12-11 13:57:31,-37.8333,140.7667,55.31,82,96,6.91
2,Dongsheng,CN,2021-12-11 13:58:56,39.8161,109.9776,19.06,60,5,14.43
3,Piacabucu,BR,2021-12-11 14:00:03,-10.4056,-36.4344,86.83,55,19,14.97
4,Bluff,NZ,2021-12-11 13:57:27,-46.6,168.3333,46.8,62,5,8.95
5,Butaritari,KI,2021-12-11 13:57:32,3.0707,172.7902,82.72,77,34,15.9
6,Qaanaaq,GL,2021-12-11 13:54:55,77.484,-69.3632,-2.9,64,34,7.23
7,Jamestown,US,2021-12-11 13:56:07,42.097,-79.2353,60.3,96,90,4.0
8,Alice Springs,AU,2021-12-11 13:58:08,-23.7,133.8833,71.15,30,0,5.75
9,Lufkin,US,2021-12-11 13:57:18,31.3382,-94.7291,53.6,55,100,12.37
10,Bethel,US,2021-12-11 13:54:33,41.3712,-73.414,55.51,91,90,3.0
11,Vaini,TO,2021-12-11 13:54:59,-21.2,-175.2,77.16,94,75,4.61
12,Cidreira,BR,2021-12-11 14:00:07,-30.1811,-50.2056,71.83,63,69,8.05
13,Cape Town,ZA,2021-12-11 13:50:49,-33.9258,18.4232,75.11,62,20,18.41
14,Millerovo,RU,2021-12-11 14:00:09,48.9226,40.3967,33.22,76,100,8.84
15,Bonthe,SL,2021-12-11 14:00:09,7.5264,-12.505,87.78,58,79,10.09
16,Khatanga,RU,2021-12-11 13:56:14,71.9667,102.5,-43.31,100,64,5.53
17,Mayumba,GA,2021-12-11 13:58:52,-3.432,10.6554,80.71,84,90,7.9
18,Georgetown,MY,2021-12-11 13:56:09,5.4112,100.3354,84.88,71,20,5.01
19,Barrow,US,2021-12-11 13:53:02,71.2906,-156.7887,1.09,97,100,2.04
20,Brownsville,US,2021-12-11 13:56:48,25.9018,-97.4975,76.08,95,90,3.44
21,Ushuaia,AR,2021-12-11 13:50:14,-54.8,-68.3,55.06,58,20,8.05
22,Banda Aceh,ID,2021-12-11 14:00:12,5.5577,95.3222,79.07,84,6,12.55
23,Albany,US,2021-12-11 13:53:12,42.6001,-73.9662,50.31,93,100,1.99
24,Rikitea,PF,2021-12-11 13:54:57,-23.1203,-134.9692,75.13,72,100,13.35
25,Griffith,US,2021-12-11 14:00:13,41.5284,-87.4237,37.63,78,90,11.99
26,Samdari,IN,2021-12-11 14:00:15,25.8167,72.5833,69.62,19,94,6.67
27,Ribeira Grande,PT,2021-12-11 14:00:15,38.5167,-28.7,66.6,82,75,16.11
28,Kapaa,US,2021-12-11 13:54:48,22.0752,-159.319,73.72,75,90,1.01
29,Lebu,CL,2021-12-11 14:00:16,-37.6167,-73.65,53.8,86,100,2.42
30,Polis,CY,2021-12-11 14:00:17,35.0367,32.4264,70.29,56,0,3.29
31,Mariinsk,RU,2021-12-11 14:00:17,56.2139,87.7472,22.3,73,100,15.43
32,Sparta,US,2021-12-11 14:00:17,43.9441,-90.8129,30.61,92,100,19.6
33,Buala,SB,2021-12-11 13:55:02,-8.145,159.5921,80.15,85,100,6.02
34,Hermanus,ZA,2021-12-11 13:54:54,-34.4187,19.2345,74.89,63,100,22.68
35,Taltal,CL,2021-12-11 14:00:18,-25.4,-70.4833,66.34,66,0,8.03
36,Cherskiy,RU,2021-12-11 14:00:19,68.75,161.3,-42.66,100,77,3.96
37,Pemba,MZ,2021-12-11 14:00:19,-12.974,40.5178,83.3,65,3,14.2
38,Novosheshminsk,RU,2021-12-11 14:00:20,55.0651,51.2338,13.44,85,6,10.8
39,Firminopolis,BR,2021-12-11 14:00:20,-16.5819,-50.305,86.18,51,90,2.57
40,Castro,BR,2021-12-11 14:00:21,-24.7911,-50.0119,79.02,41,38,7.96
41,Saint-Philippe,RE,2021-12-11 13:56:17,-21.3585,55.7679,83.75,73,50,11.63
42,Yar-Sale,RU,2021-12-11 14:00:22,66.8333,70.8333,-1.48,95,40,10.47
43,Te Anau,NZ,2021-12-11 13:58:51,-45.4167,167.7167,38.68,90,13,4.05
44,Hobart,AU,2021-12-11 13:54:49,-42.8794,147.3294,51.06,73,90,0.0
45,Bredasdorp,ZA,2021-12-11 13:54:57,-34.5322,20.0403,70.29,43,95,20.45
46,Muros,ES,2021-12-11 14:01:23,42.7762,-9.0603,61.23,90,60,1.9
47,Faanui,PF,2021-12-11 13:56:16,-16.4833,-151.75,78.82,78,95,12.75
48,Thompson,CA,2021-12-11 13:57:39,55.7435,-97.8558,-11.04,84,20,4.61
49,Arraial Do Cabo,BR,2021-12-11 14:00:29,-22.9661,-42.0278,75.43,82,100,9.71
50,Bronnoysund,NO,2021-12-11 14:01:24,65.4625,12.1997,39.2,70,75,16.11
51,Butterworth,MY,2021-12-11 14:01:24,5.3991,100.3638,84.99,72,20,8.05
52,Nikolskoye,RU,2021-12-11 14:01:25,59.7035,30.7861,23.02,92,100,10.33
53,Rexburg,US,2021-12-11 13:56:39,43.826,-111.7897,26.42,62,100,11.83
54,Mar Del Plata,AR,2021-12-11 13:55:04,-38.0023,-57.5575,68.02,88,75,15.01
55,Ngunguru,NZ,2021-12-11 14:01:26,-35.6167,174.5,69.17,90,100,11.97
56,New Norfolk,AU,2021-12-11 13:54:59,-42.7826,147.0587,50.72,54,94,1.12
57,Isangel,VU,2021-12-11 14:01:26,-19.55,169.2667,79.92,85,99,8.81
58,Araure,VE,2021-12-11 14:01:27,9.5601,-69.2148,84.65,46,42,5.12
59,Novoagansk,RU,2021-12-11 14:01:27,61.9449,76.6625,8.78,92,100,15.32
60,Boa Vista,BR,2021-12-11 13:50:26,2.8197,-60.6733,82.38,74,75,9.22
61,Upernavik,GL,2021-12-11 13:58:57,72.7868,-56.1549,-1.1,92,100,12.82
62,Port Elizabeth,ZA,2021-12-11 13:52:21,-33.918,25.5701,72.1,78,75,20.71
63,Svetlaya,RU,2021-12-11 14:01:28,46.5389,138.3297,29.43,75,94,6.02
64,Pandi,PH,2021-12-11 14:01:29,14.8872,120.8572,81.1,72,95,14.81
65,Taldan,RU,2021-12-11 14:01:29,53.6667,124.8,4.64,93,100,2.71
66,Nieuw Amsterdam,SR,2021-12-11 14:01:29,5.8833,-55.0833,82.15,88,100,7.81
67,Hilo,US,2021-12-11 13:54:58,19.7297,-155.09,73.27,46,90,9.22
68,Dikson,RU,2021-12-11 13:56:19,73.5069,80.5464,-13.63,82,100,4.72
69,Sur,OM,2021-12-11 14:01:30,22.5667,59.5289,72.82,56,48,5.86
70,Saint George,US,2021-12-11 14:00:20,37.1041,-113.5841,31.35,62,1,6.91
71,Imbituba,BR,2021-12-11 14:01:31,-28.24,-48.6703,82.81,61,44,4.12
72,Port Alfred,ZA,2021-12-11 13:51:52,-33.5906,26.891,72.95,78,17,10.83
73,Saint Anthony,US,2021-12-11 13:58:50,45.0205,-93.218,24.73,91,20,3.0
74,Busselton,AU,2021-12-11 13:57:29,-33.65,115.3333,61.09,85,74,10.42
75,Qui Nhon,VN,2021-12-11 14:01:32,13.7667,109.2333,72.45,89,100,13.76
76,Nouakchott,MR,2021-12-11 14:00:14,18.0858,-15.9785,89.53,22,77,10.25
77,Taoudenni,ML,2021-12-11 14:01:33,22.6783,-3.9836,78.4,12,66,11.45
78,Mackay,AU,2021-12-11 14:01:33,-21.15,149.2,74.68,78,52,7.58
79,Grand Gaube,MU,2021-12-11 13:58:54,-20.0064,57.6608,82.8,67,100,7.0
80,Venice,US,2021-12-11 14:01:34,27.0998,-82.4543,73.98,97,1,8.05
81,Sumenep,ID,2021-12-11 14:01:34,-7.0167,113.8667,81.41,79,100,3.65
82,Zhezkazgan,KZ,2021-12-11 14:01:35,47.8043,67.7144,24.78,68,90,6.71
83,Itabera,BR,2021-12-11 14:01:35,-23.8619,-49.1372,85.82,29,33,7.78
84,Saint-Pierre,RE,2021-12-11 14:01:36,-21.3393,55.4781,83.84,76,90,17.27
85,Shimoda,JP,2021-12-11 13:57:26,34.6667,138.95,54.46,75,0,1.72
86,Esperance,AU,2021-12-11 13:57:26,-33.8667,121.9,58.84,73,0,16.13
87,Alofi,NU,2021-12-11 14:00:17,-19.0595,-169.9187,77.79,70,100,3.98
88,Hokitika,NZ,2021-12-11 14:01:37,-42.7167,170.9667,58.46,89,100,5.61
89,Nichinan,JP,2021-12-11 13:58:52,31.6,131.3667,50.76,80,0,5.1
90,Talnakh,RU,2021-12-11 14:01:38,69.4865,88.3972,-25.65,88,73,4.18
91,Talaya,RU,2021-12-11 14:01:38,61.3833,152.75,-28.05,100,100,1.66
92,Galesong,ID,2021-12-11 14:01:38,-5.3166,119.3661,80.62,79,100,5.53
93,Tiksi,RU,2021-12-11 13:56:23,71.6872,128.8694,-11.09,97,100,5.77
94,Victoria,HK,2021-12-11 13:57:59,22.2855,114.1577,70.95,84,0,1.01
95,Iqaluit,CA,2021-12-11 14:00:12,63.7506,-68.5145,-9.31,69,55,5.99
96,Iranshahr,IR,2021-12-11 14:02:39,27.2025,60.6848,66.29,20,11,6.55
97,Egvekinot,RU,2021-12-11 14:02:40,66.3167,-179.1667,-25.69,80,16,5.73
98,Aginskoye,RU,2021-12-11 14:02:40,51.1,114.53,3.94,73,22,15.28
99,Tezu,IN,2021-12-11 13:59:19,27.9167,96.1667,61.88,63,0,4.07
100,Kapit,MY,2021-12-11 14:02:41,2.0167,112.9333,74.03,99,100,2.08
101,Pevek,RU,2021-12-11 14:02:41,69.7008,170.3133,-28.55,97,100,5.55
102,Narayanpet,IN,2021-12-11 14:02:42,16.7333,77.5,78.93,55,98,10.85
103,Playa Vicente,MX,2021-12-11 14:02:42,17.8333,-95.8167,71.71,87,9,2.71
104,Avarua,CK,2021-12-11 13:57:27,-21.2078,-159.775,71.65,100,20,2.3
105,Ilulissat,GL,2021-12-11 14:00:15,69.2167,-51.1,24.82,39,40,11.5
106,Mataura,NZ,2021-12-11 13:54:48,-46.1927,168.8643,46.47,91,7,1.92
107,Hambantota,LK,2021-12-11 14:02:44,6.1241,81.1185,80.94,89,40,14.97
108,Brae,GB,2021-12-11 14:02:44,60.3964,-1.353,46.31,80,100,18.59
109,Waddan,LY,2021-12-11 14:02:45,29.1614,16.139,71.33,13,1,15.14
110,Severo-Kurilsk,RU,2021-12-11 13:56:11,50.6789,156.125,34.52,92,100,18.9
111,Nuevitas,CU,2021-12-11 14:02:45,21.5453,-77.2644,78.24,72,27,13.38
112,Huarmey,PE,2021-12-11 13:58:49,-10.0681,-78.1522,68.5,83,90,7.94
113,Koulikoro,ML,2021-12-11 14:02:46,14.0,-7.75,92.52,6,98,7.94
114,Mahebourg,MU,2021-12-11 14:01:38,-20.4081,57.7,81.25,83,75,14.97
115,Puerto Ayora,EC,2021-12-11 13:57:44,-0.7393,-90.3518,70.56,91,100,8.93
116,Arlit,NE,2021-12-11 14:02:47,18.7369,7.3853,82.92,6,100,2.95
117,Nanortalik,GL,2021-12-11 14:02:47,60.1432,-45.2371,27.3,76,100,19.44
118,Kiunga,PG,2021-12-11 14:02:47,-6.1219,141.2906,74.1,99,99,0.81
119,Pacific Grove,US,2021-12-11 13:56:08,36.6177,-121.9166,49.57,55,67,5.7
120,Tevriz,RU,2021-12-11 14:02:48,57.509,72.4042,3.24,96,52,5.55
121,Kalabo,ZM,2021-12-11 14:02:49,-14.97,22.6814,88.02,31,96,1.86
122,Kahului,US,2021-12-11 13:55:16,20.8947,-156.47,71.96,92,66,13.91
123,Sitka,US,2021-12-11 14:02:49,57.0531,-135.33,31.89,86,90,6.91
124,Bilma,NE,2021-12-11 14:02:50,18.6853,12.9164,79.11,7,42,4.05
125,Tabas,IR,2021-12-11 14:02:50,33.5959,56.9244,59.25,31,10,7.43
126,Pisco,PE,2021-12-11 13:57:42,-13.7,-76.2167,69.03,77,90,2.3
127,Naze,JP,2021-12-11 13:54:56,28.3667,129.4833,64.85,63,100,5.66
128,Cuauhtemoc,MX,2021-12-11 14:02:51,28.4167,-106.8667,37.83,87,22,0.25
129,Wajima,JP,2021-12-11 14:02:51,37.4,136.9,52.86,74,56,3.24
130,Madras,IN,2021-12-11 14:01:40,13.0878,80.2785,82.96,82,40,1.99
131,Hithadhoo,MV,2021-12-11 13:56:15,-0.6,73.0833,80.35,81,41,12.71
132,Bambous Virieux,MU,2021-12-11 13:56:21,-20.3428,57.7575,82.65,69,75,8.05
133,Pangnirtung,CA,2021-12-11 14:02:52,66.1451,-65.7125,-13.2,88,27,3.53
134,Rennes,FR,2021-12-11 14:02:53,48.1667,-1.6667,51.19,87,90,4.61
135,Skibbereen,IE,2021-12-11 14:02:53,51.55,-9.2667,57.0,92,100,19.24
136,Lagoa,PT,2021-12-11 14:00:18,39.05,-27.9833,63.45,82,99,13.58
137,Sao Miguel Do Araguaia,BR,2021-12-11 14:00:33,-13.275,-50.1628,78.33,85,100,6.26
138,Dingle,PH,2021-12-11 13:57:34,10.9995,122.6711,76.55,91,100,8.46
139,Baykit,RU,2021-12-11 14:02:54,61.67,96.37,3.47,98,100,3.4
140,Nassau,US,2021-12-11 14:03:55,40.7507,-73.5829,56.66,83,90,1.99
141,Gayny,RU,2021-12-11 14:03:55,60.3071,54.3241,1.0,96,64,4.88
142,La Ligua,CL,2021-12-11 14:01:12,-32.4524,-71.2311,64.6,67,99,3.53
143,Linxia,CN,2021-12-11 14:03:56,35.6003,103.2064,25.81,80,100,4.16
144,Neiafu,TO,2021-12-11 14:03:56,-18.65,-173.9833,77.68,88,20,8.05
145,Shumikha,RU,2021-12-11 14:03:57,55.2261,63.2961,8.8,92,10,7.78
146,Tuktoyaktuk,CA,2021-12-11 13:56:24,69.4541,-133.0374,-8.05,96,100,9.93
147,Dondo,MZ,2021-12-11 14:03:57,-19.6094,34.7431,90.99,44,30,14.76
148,Salalah,OM,2021-12-11 14:00:26,17.0151,54.0924,77.85,52,0,6.73
149,Zhuzhou,CN,2021-12-11 14:01:47,27.8333,113.15,51.96,75,100,10.71
150,Cayenne,GF,2021-12-11 14:00:07,4.9333,-52.3333,84.24,84,90,5.99
151,Srednekolymsk,RU,2021-12-11 14:03:58,67.45,153.6833,-49.14,100,53,1.36
152,Farap,TM,2021-12-11 14:03:59,39.1704,63.6116,48.76,64,42,7.2
153,Atuona,PF,2021-12-11 13:54:56,-9.8,-139.0333,78.33,75,25,17.85
154,Swinoujscie,PL,2021-12-11 14:04:00,53.9105,14.2471,35.98,90,100,11.25
155,Rio Gallegos,AR,2021-12-11 14:01:38,-51.6226,-69.2181,56.73,64,46,10.98
156,Lasa,IT,2021-12-11 14:04:00,46.6166,10.7002,36.63,89,36,8.37
157,Stornoway,GB,2021-12-11 14:04:01,58.2093,-6.3865,48.92,94,75,4.0
158,Ballina,AU,2021-12-11 13:58:51,-28.8667,153.5667,69.98,90,90,8.05
159,Cabo San Lucas,MX,2021-12-11 13:53:24,22.8909,-109.9124,70.52,81,20,4.61
160,Novokruchininskiy,RU,2021-12-11 14:04:01,51.7833,113.7667,2.93,74,7,11.27
161,Carnarvon,AU,2021-12-11 14:01:46,-24.8667,113.6333,70.84,69,0,24.43
162,Inverell,AU,2021-12-11 14:04:02,-29.7833,151.1167,64.67,82,93,1.01
163,Beringovskiy,RU,2021-12-11 13:58:56,63.05,179.3167,-21.1,95,38,6.06
164,Sioux Lookout,CA,2021-12-11 14:04:03,50.1001,-91.917,-5.53,100,100,3.53
165,Kjopsvik,NO,2021-12-11 14:04:03,68.097,16.3742,31.05,74,100,8.79
166,San Patricio,US,2021-12-11 13:55:03,28.017,-97.5169,75.29,60,47,27.11
167,Leningradskiy,RU,2021-12-11 13:54:53,69.3833,178.4167,-23.49,85,42,12.03
168,Yellowknife,CA,2021-12-11 13:52:25,62.456,-114.3525,-8.59,87,40,12.66
169,Harper,LR,2021-12-11 14:04:04,4.375,-7.7169,84.63,68,99,8.72
170,Norman Wells,CA,2021-12-11 14:02:57,65.282,-126.8329,-3.14,97,100,7.61
171,Athabasca,CA,2021-12-11 13:59:42,54.7169,-113.2854,27.01,86,67,10.16
172,Ancud,CL,2021-12-11 14:00:30,-41.8697,-73.8203,56.43,78,28,18.1
173,Belen De Umbria,CO,2021-12-11 14:04:06,5.2009,-75.8687,66.09,90,96,0.36
174,Rzhyshchiv,UA,2021-12-11 14:04:06,49.9689,31.0463,43.77,86,100,15.05
175,East London,ZA,2021-12-11 13:55:04,-33.0153,27.9116,74.34,83,75,11.5
176,Cravo Norte,CO,2021-12-11 14:04:07,6.3017,-70.2041,83.97,52,93,13.44
177,Yumen,CN,2021-12-11 14:00:25,40.2833,97.2,21.99,54,0,1.01
178,Buraydah,SA,2021-12-11 14:04:07,26.326,43.975,63.48,28,51,4.68
179,Qeshm,IR,2021-12-11 14:04:08,26.9581,56.2719,75.07,58,38,5.23
180,Kavaratti,IN,2021-12-11 14:03:05,10.5669,72.642,82.0,68,0,1.45
181,Nerchinskiy Zavod,RU,2021-12-11 14:04:09,51.3088,119.61,-10.28,98,19,3.44
182,Novomalorossiyskaya,RU,2021-12-11 14:04:09,45.6348,39.8948,44.58,74,56,11.79
183,Ketchikan,US,2021-12-11 14:04:10,55.3422,-131.6461,34.27,93,90,0.0
184,Namatanai,PG,2021-12-11 14:04:10,-3.6667,152.4333,80.83,84,100,9.26
185,Ipoti,NG,2021-12-11 14:04:10,7.8738,5.0769,92.53,17,25,5.68
186,Gat,IL,2021-12-11 14:00:24,31.61,34.7642,74.91,40,4,5.61
187,Troitskoye,RU,2021-12-11 14:04:11,52.9821,84.6757,7.99,92,100,4.23
188,Le Port,RE,2021-12-11 14:04:17,-20.9373,55.2919,84.16,73,54,3.94
189,Shasta Lake,US,2021-12-11 14:02:38,40.6804,-122.3708,36.54,85,99,1.59
190,Chuy,UY,2021-12-11 14:05:12,-33.6971,-53.4616,73.72,53,27,6.33
191,Mehran,IR,2021-12-11 14:05:12,33.1222,46.1646,64.27,35,37,9.53
192,Kodiak,US,2021-12-11 13:57:28,57.79,-152.4072,19.54,62,42,36.84
193,Killybegs,IE,2021-12-11 14:05:13,54.6333,-8.45,55.11,93,100,16.8
194,Vestmannaeyjar,IS,2021-12-11 13:56:06,63.4427,-20.2734,43.79,81,75,21.85
195,Henties Bay,NA,2021-12-11 14:01:40,-22.116,14.2845,62.85,73,8,15.14
196,Zambezi,ZM,2021-12-11 14:05:14,-13.5432,23.1047,88.05,32,80,3.33
197,Saskylakh,RU,2021-12-11 13:57:37,71.9167,114.0833,-38.52,100,100,3.4
198,Coihueco,CL,2021-12-11 14:05:14,-36.6167,-71.8333,56.14,100,90,2.3
199,Kulhudhuffushi,MV,2021-12-11 14:05:15,6.6221,73.07,82.11,72,8,9.06
200,Praia Da Vitoria,PT,2021-12-11 14:05:15,38.7333,-27.0667,66.76,90,51,21.72
201,Lakes Entrance,AU,2021-12-11 14:05:16,-37.8811,147.981,54.16,86,28,5.88
202,Kuusamo,FI,2021-12-11 14:05:17,65.9667,29.1833,21.24,93,90,6.91
203,Tilichiki,RU,2021-12-11 14:05:17,60.4667,166.1,-13.61,84,5,8.59
204,Schleswig,DE,2021-12-11 14:05:17,54.5167,9.55,40.91,96,100,10.36
205,Touros,BR,2021-12-11 14:05:18,-5.1989,-35.4608,88.7,59,23,16.62
206,Lorengau,PG,2021-12-11 13:56:17,-2.0226,147.2712,82.6,83,100,11.36
207,Tuatapere,NZ,2021-12-11 14:05:18,-46.1333,167.6833,46.81,79,32,0.96
208,Airai,TL,2021-12-11 14:02:54,-8.9266,125.4092,63.21,93,100,0.56
209,Vao,NC,2021-12-11 14:05:19,-22.6667,167.4833,78.26,86,100,14.03
210,Mazatlan,MX,2021-12-11 14:04:44,23.2167,-106.4167,69.03,88,40,0.0
211,Poum,NC,2021-12-11 14:05:20,-20.2333,164.0167,81.97,78,100,11.97
212,Carndonagh,IE,2021-12-11 14:05:20,55.25,-7.2667,53.22,98,100,8.21
213,Bonavista,CA,2021-12-11 14:05:20,48.6499,-53.1147,27.12,87,100,12.5
214,Orbe,CH,2021-12-11 14:05:21,46.725,6.5307,41.23,98,100,3.4
215,Maceio,BR,2021-12-11 14:05:21,-9.6658,-35.7353,90.84,55,75,17.27
216,Gorin,RU,2021-12-11 14:05:22,51.1983,136.6669,10.69,98,100,2.57
217,Husavik,IS,2021-12-11 14:05:22,66.0449,-17.3389,38.88,89,100,30.6
218,Ayr,GB,2021-12-11 14:05:23,55.4627,-4.6339,50.5,93,90,16.11
219,Lompoc,US,2021-12-11 14:02:59,34.6391,-120.4579,54.12,81,1,8.05
220,Sturgis,US,2021-12-11 14:05:23,41.7992,-85.4192,57.42,2,100,29.53
221,Raudeberg,NO,2021-12-11 14:05:24,61.9875,5.1352,38.07,58,0,12.28
222,Faya,SA,2021-12-11 13:57:44,18.3851,42.4509,69.91,18,3,6.22
223,Hasaki,JP,2021-12-11 13:59:01,35.7333,140.8333,41.4,52,7,5.97
224,Seydi,TM,2021-12-11 14:05:25,39.4816,62.9137,47.89,65,12,6.46
225,Nishihara,JP,2021-12-11 14:05:25,26.1842,127.7558,67.28,64,20,5.75
226,Minna,NG,2021-12-11 14:05:25,9.6139,6.5569,99.63,11,14,4.14
227,Ariquemes,BR,2021-12-11 14:05:26,-9.9133,-63.0408,83.91,68,100,5.17
228,Souillac,MU,2021-12-11 14:01:46,-20.5167,57.5167,81.36,83,75,14.97
229,Richards Bay,ZA,2021-12-11 14:05:27,-28.783,32.0377,86.5,63,47,16.35
230,Porto Velho,BR,2021-12-11 14:05:27,-8.7619,-63.9039,84.25,74,40,4.61
231,Djenne,ML,2021-12-11 14:05:28,13.9061,-4.5533,92.91,6,52,6.91
232,Ina,JP,2021-12-11 14:05:28,35.8276,137.9538,37.71,90,18,2.3
233,Fortuna,US,2021-12-11 14:00:14,40.5982,-124.1573,49.32,74,90,5.01
234,Aklavik,CA,2021-12-11 14:06:29,68.2191,-135.0107,-1.32,92,100,21.34
235,Anadyr,RU,2021-12-11 14:06:30,64.75,177.4833,-29.0,73,18,7.02
236,Fort Nelson,CA,2021-12-11 14:00:13,58.8053,-122.7002,-5.44,100,27,2.37
237,Mana,GF,2021-12-11 14:04:16,5.6592,-53.7767,82.08,79,72,8.75
238,Sao Filipe,CV,2021-12-11 14:00:05,14.8961,-24.4956,76.17,65,74,7.2
239,Saldanha,ZA,2021-12-11 14:02:55,-33.0117,17.9442,66.63,66,33,11.77
240,Broome,US,2021-12-11 14:06:31,42.2506,-75.833,47.77,81,90,1.99
241,Salaga,GH,2021-12-11 14:06:31,8.5508,-0.5188,99.46,11,100,5.14
242,Clyde River,CA,2021-12-11 14:06:32,70.4692,-68.5914,-16.94,95,36,4.45
243,Maragogi,BR,2021-12-11 14:02:32,-9.0122,-35.2225,85.1,61,52,13.47
244,Peniche,PT,2021-12-11 14:05:28,39.3558,-9.3811,67.73,87,7,13.73
245,Chambas,CU,2021-12-11 14:06:33,22.1928,-78.9136,80.22,74,3,9.75
246,Thap Than,TH,2021-12-11 14:06:33,15.4606,99.8917,75.47,65,0,1.88
247,Batagay,RU,2021-12-11 14:06:34,67.6333,134.6333,-21.26,99,100,1.32
248,Khasan,RU,2021-12-11 14:06:34,42.4308,130.6434,33.24,76,35,5.03
249,Vallenar,CL,2021-12-11 14:06:35,-28.5708,-70.7581,68.83,47,0,4.92
250,Presidencia Roque Saenz Pena,AR,2021-12-11 14:06:35,-26.7852,-60.4388,83.34,39,97,2.48
251,Araouane,ML,2021-12-11 14:06:36,18.9048,-3.5265,84.9,5,2,9.98
252,Aswan,EG,2021-12-11 14:06:36,24.0934,32.907,84.33,26,100,6.44
253,Coffeyville,US,2021-12-11 14:06:36,37.0373,-95.6164,33.03,77,1,6.91
254,Minggang,CN,2021-12-11 14:06:37,32.4586,114.0486,47.52,80,98,3.49
255,Kloulklubed,PW,2021-12-11 14:01:39,7.0419,134.2556,81.1,78,49,8.99
256,Wufeng,CN,2021-12-11 14:06:38,27.45,104.8333,34.32,96,100,5.35
257,Tasiilaq,GL,2021-12-11 13:57:40,65.6145,-37.6368,34.68,69,100,17.56
258,Roura,GF,2021-12-11 14:06:13,4.7263,-52.3274,84.11,79,75,6.91
259,Caranavi,BO,2021-12-11 14:06:38,-15.8167,-67.55,77.43,65,100,2.62
260,Bengkulu,ID,2021-12-11 14:00:49,-3.8004,102.2655,77.61,88,100,3.02
261,Cedar City,US,2021-12-11 14:05:29,37.6775,-113.0619,10.4,78,1,3.44
262,Pec,XK,2021-12-11 14:06:39,42.6591,20.2883,41.29,99,100,2.77
263,Port Lincoln,AU,2021-12-11 14:00:20,-34.7333,135.8667,63.52,72,9,13.53
264,Finschhafen,PG,2021-12-11 14:06:40,-6.6024,147.8681,81.16,80,100,5.61
265,Katsuura,JP,2021-12-11 14:01:35,35.1333,140.3,51.91,70,1,5.41
266,Mataruska Banja,RS,2021-12-11 14:06:41,43.6901,20.6109,40.95,93,75,8.05
267,Eureka,US,2021-12-11 14:05:35,40.8021,-124.1637,49.57,77,86,5.99
268,Altamira,BR,2021-12-11 14:06:41,-3.2033,-52.2064,79.88,88,99,2.01
269,Ahipara,NZ,2021-12-11 14:06:42,-35.1667,173.1667,67.87,96,100,7.96
270,Torbay,CA,2021-12-11 13:58:53,47.6666,-52.7314,27.28,85,75,6.91
271,Vanimo,PG,2021-12-11 14:06:42,-2.6741,141.3028,80.46,88,100,11.72
272,Pryazha,RU,2021-12-11 14:06:43,61.6926,33.6216,9.63,80,93,7.09
273,Saint-Augustin,CA,2021-12-11 14:06:43,51.226,-58.6502,23.27,75,13,8.93
274,Zhangye,CN,2021-12-11 14:06:44,38.9342,100.4517,23.94,57,0,7.2
275,Gerede,TR,2021-12-11 14:06:44,40.8008,32.1969,44.62,68,100,8.99
276,Rocha,UY,2021-12-11 14:06:45,-34.4833,-54.3333,77.59,41,6,3.89
277,Mazagao,BR,2021-12-11 14:04:13,-0.115,-51.2894,91.45,64,95,6.42
278,Miri,MY,2021-12-11 14:07:45,4.4148,114.0089,77.85,91,100,6.62
279,Laguna,US,2021-12-11 14:04:21,38.421,-121.4238,46.65,94,1,0.0
280,Waipawa,NZ,2021-12-11 14:07:46,-41.4122,175.5153,54.45,96,100,11.63
281,Macroom,IE,2021-12-11 14:07:46,51.9,-8.95,55.54,94,100,13.49
282,Luanda,AO,2021-12-11 14:07:47,-8.8368,13.2343,84.2,74,40,9.22
283,Hami,CN,2021-12-11 14:04:11,42.8,93.45,23.94,49,0,4.03
284,Dehloran,IR,2021-12-11 14:07:47,32.6941,47.2679,66.31,38,68,6.53
285,Avera,US,2021-12-11 14:07:48,33.194,-82.5271,65.86,93,100,10.6
286,Sao Joao Da Barra,BR,2021-12-11 14:07:49,-21.6403,-41.0511,86.09,73,16,6.58
287,Namibe,AO,2021-12-11 14:07:49,-15.1961,12.1522,78.46,62,91,13.82
288,Codrington,AU,2021-12-11 14:00:29,-38.2667,141.9667,53.62,78,3,11.65
289,Moron,AR,2021-12-11 14:04:04,-34.6534,-58.6198,83.01,50,2,4.0
290,Yertarskiy,RU,2021-12-11 14:07:50,56.7902,64.2995,11.41,92,5,4.65
291,Chokurdakh,RU,2021-12-11 14:07:50,70.6333,147.9167,-48.87,100,67,2.73
292,Charters Towers,AU,2021-12-11 14:06:46,-20.1,146.2667,77.99,73,6,11.36
293,Poya,NC,2021-12-11 14:07:51,-21.35,165.15,80.58,78,99,4.21
294,Baruun-Urt,MN,2021-12-11 14:07:51,46.6806,113.2792,5.49,72,2,11.95
295,Teacapan,MX,2021-12-11 14:07:52,22.55,-105.75,67.3,56,100,2.24
296,Pangai,TO,2021-12-11 14:07:52,-19.8,-174.35,79.52,76,0,2.86
297,Ust-Maya,RU,2021-12-11 14:07:53,60.4167,134.5333,-27.69,100,100,0.74
298,Los Llanos De Aridane,ES,2021-12-11 14:07:53,28.6585,-17.9182,68.13,70,75,1.99
299,Maracaibo,VE,2021-12-11 14:07:33,10.6317,-71.6406,82.47,58,43,6.49
300,Sydney Mines,CA,2021-12-11 14:07:54,46.2367,-60.2177,38.25,94,75,1.01
301,Isla Mujeres,MX,2021-12-11 14:07:54,21.2311,-86.731,84.25,67,1,18.45
302,Awjilah,LY,2021-12-11 14:07:55,29.1081,21.2869,68.41,35,77,8.99
303,Belyy Yar,RU,2021-12-11 14:07:55,53.6039,91.3903,10.29,85,100,0.0
304,Sinegorye,RU,2021-12-11 14:07:56,62.0788,150.477,-24.2,73,40,2.08
305,Corinto,GR,2021-12-11 14:05:15,37.9407,22.9573,64.02,66,98,22.64
306,Bathsheba,BB,2021-12-11 14:07:56,13.2167,-59.5167,84.81,70,75,21.85
307,Abha,SA,2021-12-11 14:07:57,18.2164,42.5053,66.45,15,0,6.91
308,Quatre Cocos,MU,2021-12-11 14:07:57,-20.2078,57.7625,81.09,71,100,12.77
309,Carballo,ES,2021-12-11 14:07:58,43.213,-8.691,59.9,81,78,3.09
310,Constitucion,CL,2021-12-11 14:07:58,-35.3333,-72.4167,57.83,83,100,1.7
311,Surab,PK,2021-12-11 14:07:58,28.4914,66.2585,46.71,15,81,3.62
312,Scottsbluff,US,2021-12-11 14:07:59,41.8666,-103.6672,28.29,59,1,15.01
313,Lahaina,US,2021-12-11 14:07:59,20.8783,-156.6825,73.15,76,80,9.6
314,San Rafael,AR,2021-12-11 14:08:00,-34.6177,-68.3301,82.99,34,0,2.48
315,Provideniya,RU,2021-12-11 14:08:01,64.3833,-173.3,-6.21,80,100,9.06
316,Adrar,MR,2021-12-11 14:08:01,20.5022,-10.0711,80.73,9,45,12.08
317,Shelburne,CA,2021-12-11 14:06:50,44.0787,-80.2041,52.12,100,100,21.16
318,Vendome,FR,2021-12-11 14:08:02,47.8,1.0667,48.58,88,100,7.4
319,Caravelas,BR,2021-12-11 14:08:02,-17.7125,-39.2481,75.78,79,100,5.28
320,Vancouver,CA,2021-12-11 14:07:03,49.2497,-123.1193,45.25,93,100,5.01
321,Normal,US,2021-12-11 14:08:03,40.5142,-88.9906,34.88,76,90,21.99
322,Nuuk,GL,2021-12-11 14:05:58,64.1835,-51.7216,27.21,74,75,4.61
323,Pochutla,MX,2021-12-11 14:08:03,15.7432,-96.4661,75.81,70,7,0.98
324,Kimbe,PG,2021-12-11 14:09:04,-5.5502,150.1429,76.95,95,99,2.15
325,San Quintin,MX,2021-12-11 14:04:21,30.4833,-115.95,53.73,69,0,3.24
326,Sann,PK,2021-12-11 14:09:04,26.0418,68.1378,67.91,17,100,4.16
327,Sept-Iles,CA,2021-12-11 14:05:02,50.2001,-66.3821,18.0,82,59,4.14
328,Canberra,AU,2021-12-11 14:09:05,-35.2835,149.1281,54.14,83,75,1.99
329,Aasiaat,GL,2021-12-11 14:09:05,68.7098,-52.8699,12.07,85,100,6.33
330,Coquimbo,CL,2021-12-11 14:01:23,-29.9533,-71.3436,61.72,75,72,3.09
331,Dunedin,NZ,2021-12-11 14:09:06,-45.8742,170.5036,48.79,70,27,4.0
332,Port Keats,AU,2021-12-11 14:09:06,-14.25,129.55,83.93,75,18,7.07
333,Khani,GE,2021-12-11 14:09:07,41.9563,42.9566,51.37,55,91,5.68
334,Margate,GB,2021-12-11 13:58:07,51.3813,1.3862,46.96,75,100,1.99
335,Novoulyanovsk,RU,2021-12-11 14:09:07,54.1496,48.3891,18.37,72,5,12.64
336,Ambilobe,MG,2021-12-11 14:09:08,-13.2,49.05,83.41,58,98,5.59
337,Narsaq,GL,2021-12-11 14:09:08,60.9167,-46.05,25.02,80,100,0.6
338,Fairbanks,US,2021-12-11 14:00:03,64.8378,-147.7164,5.09,82,100,1.01
339,Chingola,ZM,2021-12-11 14:09:09,-12.529,27.8838,93.63,17,69,6.96
340,Daru,PG,2021-12-11 14:09:09,-9.0763,143.2092,78.76,90,86,5.91
341,Zhigansk,RU,2021-12-11 14:08:12,66.7697,123.3711,-8.0,98,100,8.7
342,Mattru,SL,2021-12-11 14:09:10,7.6244,-11.8332,93.18,44,65,2.1
343,Half Moon Bay,US,2021-12-11 14:03:19,37.4636,-122.4286,49.91,80,1,0.0
344,Kyra,RU,2021-12-11 14:09:11,49.5776,111.9753,3.76,68,40,11.5
345,Carmelo,UY,2021-12-11 14:05:28,-33.9892,-58.2856,81.14,32,0,2.93
346,Fergus Falls,US,2021-12-11 14:09:12,46.283,-96.0776,18.86,88,1,3.44
347,Sinnamary,GF,2021-12-11 14:09:12,5.3833,-52.95,80.2,85,97,8.95
348,Lancut,PL,2021-12-11 14:09:13,50.0687,22.2291,34.97,96,90,5.75
349,Oil City,US,2021-12-11 14:09:14,41.4339,-79.7064,62.46,89,90,4.0
350,Zilair,RU,2021-12-11 14:09:14,52.2332,57.4392,14.59,77,19,16.51
351,Nouadhibou,MR,2021-12-11 14:09:14,20.931,-17.0347,70.21,47,0,9.64
352,Villa Sandino,NI,2021-12-11 14:09:15,12.0483,-84.9936,71.28,90,99,8.59
353,Ponta Do Sol,PT,2021-12-11 14:08:16,32.6667,-17.1,68.63,55,23,5.79
354,Sorland,NO,2021-12-11 14:09:15,67.667,12.6934,23.07,67,100,16.28
355,Hailar,CN,2021-12-11 14:09:17,49.2,119.7,2.59,91,38,11.97
356,Santa Rosa,PH,2021-12-11 14:09:17,14.3122,121.1114,81.1,83,100,14.16
357,Nizhniy Tsasuchey,RU,2021-12-11 14:09:18,50.5167,115.1333,6.46,64,23,14.79
358,Makakilo City,US,2021-12-11 14:09:18,21.3469,-158.0858,73.72,75,1,8.05
359,Luderitz,NA,2021-12-11 14:05:33,-26.6481,15.1594,72.32,57,0,18.45
360,Chernyshevskiy,RU,2021-12-11 14:09:19,63.0128,112.4714,-37.98,100,58,2.3
361,Wasilla,US,2021-12-11 14:04:20,61.5814,-149.4394,17.13,82,90,8.05
362,Murwillumbah,AU,2021-12-11 14:09:19,-28.3167,153.4,71.94,94,90,5.75
363,Dali,CN,2021-12-11 14:09:20,25.7,100.1833,49.55,77,2,4.27
364,Wanning,CN,2021-12-11 14:09:20,18.8003,110.3967,71.98,86,98,12.12
365,Kaitangata,NZ,2021-12-11 14:09:21,-46.2817,169.8464,47.93,68,3,5.35
366,Severnoye,RU,2021-12-11 14:09:21,56.3491,78.3619,8.58,97,100,4.74
367,San Andres,CO,2021-12-11 14:08:20,12.5847,-81.7006,81.32,77,3,21.16
368,Alekseyevsk,RU,2021-12-11 14:02:52,57.8406,108.3492,1.17,92,100,9.26
369,Sayyan,YE,2021-12-11 14:10:22,15.1718,44.3244,59.29,22,0,11.03
370,Vostok,RU,2021-12-11 14:06:59,46.4856,135.8833,13.59,97,100,3.56
371,Atbasar,KZ,2021-12-11 14:10:23,51.8,68.3333,14.07,85,100,7.83
372,Tautira,PF,2021-12-11 14:01:55,-17.7333,-149.15,75.22,74,37,10.78
373,Emba,KZ,2021-12-11 14:04:19,48.8264,58.1442,24.3,95,100,11.36
374,Belaya Gora,RU,2021-12-11 14:10:23,68.5333,146.4167,-46.01,93,94,2.24
375,Port Augusta,AU,2021-12-11 14:05:36,-32.5,137.7667,70.7,24,8,7.52
376,Takoradi,GH,2021-12-11 14:10:24,4.8845,-1.7554,84.76,65,71,7.96
377,Longyearbyen,SJ,2021-12-11 14:06:35,78.2186,15.6401,31.84,69,75,14.97
378,Komsomolskiy,UZ,2021-12-11 14:01:44,40.4272,71.7189,40.42,44,0,6.91
379,Savannah Bight,HN,2021-12-11 14:10:25,16.45,-85.85,80.01,76,2,15.39
380,Zhanaozen,KZ,2021-12-11 14:10:25,43.3,52.8,39.6,78,15,8.5
381,Veracruz,MX,2021-12-11 14:10:26,19.3333,-96.6667,68.86,58,96,3.62
382,Klaksvik,FO,2021-12-11 14:09:40,62.2266,-6.589,45.52,94,100,44.6
383,Conde,BR,2021-12-11 14:10:26,-7.2597,-34.9075,87.26,62,75,12.66
384,Kununurra,AU,2021-12-11 14:06:59,-15.7667,128.7333,84.18,74,98,3.44
385,Berezovyy,RU,2021-12-11 14:10:27,51.6667,135.7,14.43,97,100,1.45
386,Tomarovka,RU,2021-12-11 14:10:27,50.6834,36.2331,30.96,75,100,15.37
387,Tabou,CI,2021-12-11 14:06:52,4.423,-7.3528,85.05,65,83,7.67
388,Chuzhou,CN,2021-12-11 14:10:28,32.3219,118.2978,52.45,57,100,8.01
389,Kirovskiy,RU,2021-12-11 14:10:28,45.0917,133.5136,20.84,94,97,2.21
390,Plettenberg Bay,ZA,2021-12-11 14:10:29,-34.0527,23.3716,66.42,75,92,5.53
391,Tura,IN,2021-12-11 14:10:29,25.5198,90.2201,58.78,54,0,3.29
392,Yatou,CN,2021-12-11 14:10:30,37.15,122.3833,43.2,78,100,9.37
393,Kruisfontein,ZA,2021-12-11 14:10:30,-34.0033,24.7314,67.89,64,60,16.91
394,Kavieng,PG,2021-12-11 14:10:31,-2.5744,150.7967,83.44,80,100,10.98
395,Tessalit,ML,2021-12-11 14:10:31,20.1986,1.0114,82.98,5,42,7.27
396,Roma,US,2021-12-11 14:10:32,43.2128,-75.4557,52.43,93,90,6.91
397,Horsham,GB,2021-12-11 14:10:32,51.064,-0.3272,48.43,79,0,4.61
398,Lumut,MY,2021-12-11 14:10:32,4.2323,100.6298,78.48,85,100,3.2
399,Kirksville,US,2021-12-11 14:09:38,40.1948,-92.5833,33.12,77,75,1.01
400,Puksoozero,RU,2021-12-11 14:10:33,62.5903,40.6066,10.02,83,99,8.68
401,Acarau,BR,2021-12-11 14:10:33,-2.8856,-40.12,86.86,59,57,17.05
402,Lethem,GY,2021-12-11 14:10:34,3.3803,-59.7968,85.05,65,100,10.04
403,Banyumas,ID,2021-12-11 14:10:34,-7.5142,109.2942,77.09,90,100,1.66
404,Saint-Francois,FR,2021-12-11 14:10:35,46.4154,3.9054,39.47,87,90,2.3
405,Viedma,AR,2021-12-11 14:10:35,-40.8135,-62.9967,85.53,35,34,17.43
406,Hamilton,US,2021-12-11 14:07:53,39.1834,-84.5333,64.38,88,75,8.01
407,La Ronge,CA,2021-12-11 14:01:47,55.1001,-105.2842,4.23,96,100,5.82
408,Natal,BR,2021-12-11 14:10:36,-5.795,-35.2094,88.45,58,75,18.41
409,Pimenta Bueno,BR,2021-12-11 14:04:23,-11.6725,-61.1936,76.87,93,100,2.3
410,Pangody,RU,2021-12-11 14:10:37,65.85,74.4859,-0.24,93,100,16.67
411,Amos,CA,2021-12-11 14:10:37,48.5669,-78.1162,25.07,96,100,13.73
412,Lagunas,PE,2021-12-11 14:10:38,-5.2269,-75.6753,78.53,92,93,1.7
413,Pasuquin,PH,2021-12-11 14:10:38,18.3328,120.6177,75.11,83,95,12.3
414,Trelew,AR,2021-12-11 14:10:39,-43.249,-65.3051,83.08,35,24,9.17
415,Nyimba,ZM,2021-12-11 14:10:39,-14.5566,30.8149,96.84,17,96,6.31
416,Minnedosa,CA,2021-12-11 14:09:51,50.2453,-99.8436,7.66,88,21,9.48
417,Gander,CA,2021-12-11 14:10:39,48.9682,-54.5906,19.17,92,97,10.0
418,Bousso,TD,2021-12-11 14:11:40,10.4795,16.7117,98.17,9,50,7.52
419,Kutum,SD,2021-12-11 14:11:40,14.2,24.6667,82.02,12,2,8.52
420,Nome,US,2021-12-11 14:08:58,64.5011,-165.4064,-5.73,71,1,16.11
421,Tawang,IN,2021-12-11 14:11:41,27.5833,91.8667,35.24,81,45,2.82
422,Kurush,RU,2021-12-11 14:11:42,41.2841,47.8345,19.29,44,3,1.25
423,Lapy,PL,2021-12-11 14:11:42,52.9911,22.8842,37.49,100,100,2.55
424,Edd,ER,2021-12-11 14:11:42,13.9297,41.6925,86.74,40,0,22.93
425,North Bend,US,2021-12-11 14:11:43,43.4065,-124.2243,50.86,94,90,18.41
426,Yerofey Pavlovich,RU,2021-12-11 14:11:43,53.9667,121.9667,3.13,91,100,2.89
427,San Cristobal,VE,2021-12-11 14:03:00,7.7669,-72.225,68.18,67,74,3.13
428,Ayapel,CO,2021-12-11 14:11:44,8.3137,-75.1398,80.71,80,16,2.1
429,Loiza,PR,2021-12-11 14:11:44,18.4313,-65.8802,83.14,71,40,17.27
430,Payakumbuh,ID,2021-12-11 14:11:45,-0.2202,100.6308,71.65,97,100,1.61
431,Hualmay,PE,2021-12-11 14:11:45,-11.0964,-77.6139,69.55,78,42,9.6
432,Bella Union,UY,2021-12-11 14:11:45,-30.2752,-57.6007,84.36,27,81,2.24
433,Sambava,MG,2021-12-11 14:05:45,-14.2667,50.1667,80.6,64,86,12.8
434,Bima,ID,2021-12-11 14:09:32,-8.4667,118.7167,78.39,92,100,3.33
435,Maniitsoq,GL,2021-12-11 14:06:51,65.4167,-52.9,22.87,65,83,9.78
436,Nemuro,JP,2021-12-11 14:11:47,43.3236,145.575,39.74,64,21,6.89
437,Chiredzi,ZW,2021-12-11 14:11:47,-21.05,31.6667,101.28,16,86,12.55
438,Barquisimeto,VE,2021-12-11 14:11:48,10.0739,-69.3228,78.87,52,35,4.21
439,Pascagoula,US,2021-12-11 14:11:36,30.3658,-88.5561,75.2,93,90,8.05
440,Yulara,AU,2021-12-11 14:01:16,-25.2406,130.9889,84.43,17,7,15.03
441,Verkhnyaya Inta,RU,2021-12-11 14:11:48,65.9811,60.3094,14.13,92,100,18.75
442,San Ignacio,BZ,2021-12-11 14:11:49,17.1561,-89.0714,72.95,86,16,0.85
443,Comodoro Rivadavia,AR,2021-12-11 14:04:09,-45.8667,-67.5,60.66,67,0,13.8
444,Armeria,MX,2021-12-11 14:11:50,18.9333,-103.9667,78.1,40,100,4.41
445,Kamien Pomorski,PL,2021-12-11 14:11:50,53.9685,14.7726,34.5,90,100,9.15
446,Lavrentiya,RU,2021-12-11 14:09:32,65.5833,-171.0,-10.7,81,100,7.76
447,Paignton,GB,2021-12-11 14:11:51,50.4357,-3.5679,55.62,97,89,5.99
448,Hofn,IS,2021-12-11 14:11:51,64.2539,-15.2082,42.76,84,86,15.35
449,Kungurtug,RU,2021-12-11 14:09:29,50.5994,97.5228,-4.5,95,83,1.9
450,Chaiya,TH,2021-12-11 14:11:52,9.3862,99.1986,78.01,80,9,8.21
451,Gemena,CD,2021-12-11 14:11:52,3.25,19.7667,96.69,24,100,4.61
452,Irece,BR,2021-12-11 14:09:01,-11.3042,-41.8558,79.5,66,100,11.88
453,Manali,IN,2021-12-11 14:11:53,13.1667,80.2667,83.07,82,19,13.53
454,San Jeronimo,PE,2021-12-11 14:11:53,-11.9472,-75.2829,57.85,59,28,2.13
455,Port Macquarie,AU,2021-12-11 14:11:54,-31.4333,152.9167,64.89,80,44,10.0
456,Omboue,GA,2021-12-11 14:09:27,-1.5746,9.2618,82.11,79,100,6.2
457,Mogocha,RU,2021-12-11 14:11:54,53.7333,119.7667,-2.94,94,100,4.41
458,Shieli,KZ,2021-12-11 14:11:55,44.1667,66.75,41.65,81,85,5.55
459,Zhucheng,CN,2021-12-11 14:11:55,35.9947,119.3975,45.79,75,100,6.51
460,Lata,PT,2021-12-11 14:02:59,40.1629,-8.3327,65.48,62,5,5.32
461,Kirakira,SB,2021-12-11 14:11:56,-10.4544,161.9205,80.89,86,100,4.45
462,Lulea,SE,2021-12-11 14:11:56,65.5842,22.1547,30.27,93,90,3.44
463,Chumikan,RU,2021-12-11 14:11:57,54.7183,135.315,8.89,96,100,3.4
464,Bilibino,RU,2021-12-11 14:12:57,68.0546,166.4372,-40.18,100,61,2.73
465,Grenada,ES,2021-12-11 14:08:48,37.1882,-3.6067,67.39,59,0,1.99
466,Nanakuli,US,2021-12-11 14:12:58,21.3906,-158.1547,75.15,73,1,8.05
467,Mount Isa,AU,2021-12-11 14:12:58,-20.7333,139.5,71.37,20,0,6.91
468,Loubomo,CG,2021-12-11 14:12:59,-4.1997,12.6739,86.13,64,60,0.98
469,Conroe,US,2021-12-11 14:12:59,30.3119,-95.456,61.47,55,90,1.99
470,Teknaf,BD,2021-12-11 14:12:59,20.8624,92.3058,74.39,51,0,13.56
471,Krasnyy Yar,RU,2021-12-11 14:11:34,46.5331,48.3456,33.73,70,80,7.49
472,Odessa,UA,2021-12-11 14:08:01,46.4775,30.7326,48.13,93,40,6.71
473,Takestan,IR,2021-12-11 14:13:00,36.0696,49.6959,48.47,37,0,4.52
474,Havoysund,NO,2021-12-11 14:07:01,70.9963,24.6622,34.68,95,100,12.82
475,Invermere,CA,2021-12-11 14:13:01,50.5167,-116.0354,23.58,93,100,9.15
476,Dasoguz,TM,2021-12-11 14:13:01,41.8363,59.9666,46.51,61,100,9.33
477,Camacha,PT,2021-12-11 14:13:02,33.0833,-16.3333,65.16,63,75,12.66
478,Cambuci,BR,2021-12-11 14:13:03,-21.5753,-41.9111,85.44,68,72,4.5
479,Antofagasta,CL,2021-12-11 14:09:27,-23.65,-70.4,65.48,60,3,6.87
480,Bubaque,GW,2021-12-11 14:13:03,11.2833,-15.8333,81.21,65,98,7.36
481,Vestmanna,FO,2021-12-11 14:13:04,62.1564,-7.1664,43.72,93,90,27.63
482,San Antonio,US,2021-12-11 14:10:02,29.4241,-98.4936,59.11,37,75,20.71
483,Umm Kaddadah,SD,2021-12-11 14:13:04,13.6017,26.6876,87.31,12,28,14.45
484,Karasjok,NO,2021-12-11 14:13:05,69.4719,25.5112,12.31,100,96,2.46
485,Vila Velha,BR,2021-12-11 14:13:05,-20.3297,-40.2925,85.95,71,75,5.01
486,Sobolevo,RU,2021-12-11 14:13:06,54.4299,31.8996,29.82,90,100,14.99
487,Zelenoborsk,RU,2021-12-11 14:13:06,61.4669,64.0333,11.23,89,6,7.52
488,Ligaya,PH,2021-12-11 14:13:06,12.6599,120.8923,79.29,85,100,1.97
489,Urumqi,CN,2021-12-11 14:12:02,43.801,87.6005,2.35,85,75,4.47
490,Ous,RU,2021-12-11 14:13:07,60.9058,61.5186,5.77,92,5,5.21
491,Strezhevoy,RU,2021-12-11 14:13:08,60.7333,77.5889,8.58,92,96,12.28
492,Vilyuysk,RU,2021-12-11 14:08:11,63.7553,121.6247,-14.84,100,97,2.86
493,Storforshei,NO,2021-12-11 14:13:08,66.4043,14.5233,27.66,90,100,5.55
494,Aksarka,RU,2021-12-11 14:13:09,66.5606,67.7975,-2.96,99,87,3.06
495,Tigil,RU,2021-12-11 14:13:09,57.8,158.6667,13.37,97,100,4.94
496,Abdulino,RU,2021-12-11 14:13:09,53.7,53.6667,15.04,85,6,11.5
497,Rawson,AR,2021-12-11 14:13:10,-43.3002,-65.1023,75.04,53,37,8.99
498,Amarante,BR,2021-12-11 14:13:10,-6.2411,-42.8547,90.12,52,65,6.22
499,Belmonte,BR,2021-12-11 14:13:11,-15.8631,-38.8828,82.9,65,47,7.85
500,Gigmoto,PH,2021-12-11 14:13:11,13.7796,124.39,79.02,89,100,15.57
501,Orumiyeh,IR,2021-12-11 14:13:12,37.5527,45.0761,42.35,61,0,4.61
502,Luena,AO,2021-12-11 14:13:12,-11.7833,19.9167,76.75,62,100,6.91
503,Toropets,RU,2021-12-11 14:13:13,56.4978,31.6353,27.55,86,100,12.03
504,Moa,CU,2021-12-11 14:13:13,20.6569,-74.9403,80.02,75,44,15.55
505,Zemio,CF,2021-12-11 14:13:14,5.0314,25.1361,97.81,20,99,6.06
506,Gravdal,NO,2021-12-11 14:13:14,68.1214,13.5031,31.68,93,0,2.3
507,Sumbe,AO,2021-12-11 14:13:14,-11.2061,13.8437,81.43,77,46,7.9
508,Boguchany,RU,2021-12-11 14:13:15,58.3814,97.4531,17.42,90,100,10.56
509,Paulista,BR,2021-12-11 14:14:16,-7.9408,-34.8731,85.86,65,29,11.99
510,Qingdao,CN,2021-12-11 14:14:16,36.0986,120.3719,46.38,56,100,10.47
511,Semirom,IR,2021-12-11 14:14:17,31.4167,51.5667,41.97,29,1,1.77
512,Katherine,AU,2021-12-11 14:14:17,-14.4667,132.2667,84.52,48,62,0.0
513,Nijar,ES,2021-12-11 14:08:13,36.9665,-2.206,61.65,63,0,3.44
514,Berlevag,NO,2021-12-11 14:14:18,70.8578,29.0864,27.82,85,43,20.09
515,Sola,VU,2021-12-11 14:14:18,-13.8833,167.55,82.83,73,100,6.85
516,Riyadh,SA,2021-12-11 14:07:03,24.6877,46.7219,68.14,27,32,3.29
517,Lazarev,RU,2021-12-11 14:14:19,52.225,141.5131,24.03,96,100,7.76
518,Chimbote,PE,2021-12-11 14:14:19,-9.0853,-78.5783,67.3,84,95,6.8
519,Virginia Beach,US,2021-12-11 14:10:47,36.8529,-75.978,65.05,89,75,1.99
520,Nueva Loja,EC,2021-12-11 14:14:20,0.0847,-76.8828,76.48,94,90,4.61
521,Shambu,ET,2021-12-11 14:14:20,9.5667,37.1,67.77,23,18,1.61
522,Shaoyang,CN,2021-12-11 14:14:21,27.2315,111.4525,51.4,75,100,8.21
523,Pundaguitan,PH,2021-12-11 14:14:21,6.3711,126.1689,82.85,78,97,11.92
524,Homer,US,2021-12-11 14:09:36,59.6425,-151.5483,24.67,71,90,6.91
525,Paamiut,GL,2021-12-11 14:14:22,61.994,-49.6678,20.44,93,100,11.68
526,Dayong,CN,2021-12-11 14:14:22,25.0209,118.2898,64.89,83,0,1.16
527,Jawhar,SO,2021-12-11 14:14:22,2.7809,45.5005,88.32,40,95,14.97
528,Tomatlan,MX,2021-12-11 14:14:23,19.9333,-105.25,67.42,40,91,3.22
529,Nabire,ID,2021-12-11 14:09:36,-3.3667,135.4833,78.35,88,100,0.83
530,Posse,BR,2021-12-11 14:14:23,-14.0931,-46.3694,80.06,66,78,4.76
531,Flin Flon,CA,2021-12-11 14:14:24,54.7682,-101.865,-2.78,100,91,3.22
532,Benito Juarez,MX,2021-12-11 14:14:24,19.385,-99.165,54.0,58,40,1.01
533,Ahuimanu,US,2021-12-11 14:06:53,21.4447,-157.8378,74.91,76,20,12.66
534,Deputatskiy,RU,2021-12-11 14:08:15,69.3,139.9,-18.8,99,100,1.07
535,Manokwari,ID,2021-12-11 14:14:25,-0.8667,134.0833,81.25,83,100,14.05
536,Berdigestyakh,RU,2021-12-11 14:14:26,62.0989,126.6992,-12.75,100,100,1.7
537,Balad,IQ,2021-12-11 14:14:26,34.0164,44.1453,61.97,29,38,8.63
538,Barstow,US,2021-12-11 14:14:27,34.8986,-117.0228,36.54,29,8,4.43
539,Kamaishi,JP,2021-12-11 14:14:27,39.2667,141.8833,45.91,77,99,6.04
540,Uruzgan,AF,2021-12-11 14:05:44,32.8333,66.0,42.75,19,49,1.86
541,Madimba,TZ,2021-12-11 14:14:28,-10.4,40.3333,83.88,65,26,10.83
542,Iquique,CL,2021-12-11 14:14:28,-20.2208,-70.1431,68.04,59,56,7.29
543,Gizo,SB,2021-12-11 14:14:28,-8.103,156.8419,83.7,80,100,16.42
544,Mehamn,NO,2021-12-11 14:14:29,71.0357,27.8492,31.82,90,94,14.7
545,Palmas,BR,2021-12-11 14:14:30,-10.2128,-48.3603,80.47,78,40,2.3
546,Santa Cruz,BO,2021-12-11 14:04:49,-17.8,-63.1667,85.46,70,75,13.8
547,Hovd,MN,2021-12-11 14:14:30,48.0056,91.6419,4.89,71,0,4.29
548,Ginda,IN,2021-12-11 14:14:31,30.6945,78.4932,42.49,36,0,7.45
549,Eyl,SO,2021-12-11 14:14:31,7.9803,49.8164,80.01,69,15,21.43
550,Kelso,US,2021-12-11 14:14:32,46.1468,-122.9084,46.26,94,90,24.16
551,Knyaginino,RU,2021-12-11 14:14:32,55.8228,45.0349,5.97,92,13,8.05
552,Nioro,GM,2021-12-11 14:14:33,13.35,-15.75,98.29,15,100,1.95
553,Cape Coast,GH,2021-12-11 14:14:33,5.1053,-1.2466,85.12,66,94,8.86
554,Flinders,AU,2021-12-11 14:14:33,-34.5833,150.8552,62.19,82,95,13.53
555,Dwarka,IN,2021-12-11 14:14:34,22.2394,68.9678,75.51,48,0,10.27
556,Port Hardy,CA,2021-12-11 14:15:01,50.6996,-127.4199,38.75,89,100,8.52
557,Gamba,GA,2021-12-11 14:15:34,-2.65,10.0,82.92,75,83,8.59
558,Zhaoyuan,CN,2021-12-11 14:15:35,37.3592,120.3964,41.74,80,95,8.99
