City_ID,City,Country,Lat,Lng,Max Temp,Humidity,Cloudiness,Wind Speed
0,Yumen,CN,40.2833,97.2,19.38,38,0,15.26
1,Basco,PH,20.4487,121.9702,75.81,68,63,23.49
2,Calamar,CO,10.2511,-74.9146,80.55,65,94,11.61
3,Barrow,US,71.2906,-156.7887,-12.98,77,1,13.8
4,Port Pirie,AU,-33.1833,138.0167,66.29,68,10,11.07
5,Albany,US,42.6001,-73.9662,41.52,41,0,8.3
6,Thompson,CA,55.7435,-97.8558,-1.84,100,95,2.04
7,Havoysund,NO,70.9963,24.6622,32.88,98,100,10.89
8,Katsuura,JP,35.1333,140.3,50.18,65,76,14.67
9,Rikitea,PF,-23.1203,-134.9692,77.31,77,87,9.42
10,Pallasovka,RU,50.05,46.8833,19.49,70,0,8.61
11,Kottagudem,IN,17.55,80.6333,67.15,93,70,2.44
12,Grindavik,IS,63.8424,-22.4338,41.47,87,75,19.57
13,Avera,US,33.194,-82.5271,60.31,47,0,5.61
14,Itarema,BR,-2.9248,-39.9167,80.85,78,33,16.35
15,Lunenburg,CA,44.3835,-64.3155,38.41,67,100,19.24
16,Qaanaaq,GL,77.484,-69.3632,-2.0,69,77,2.26
17,Lompoc,US,34.6391,-120.4579,66.34,57,1,14.97
18,Havelock,US,34.8791,-76.9013,52.93,60,1,1.01
19,Silifke,TR,36.3778,33.9344,63.25,49,100,11.45
20,Avarua,CK,-21.2078,-159.775,75.25,94,75,1.14
21,Carnarvon,AU,-24.8667,113.6333,68.07,73,2,14.97
22,Hilo,US,19.7297,-155.09,78.62,57,75,5.75
23,Kudahuvadhoo,MV,2.6708,72.8944,80.65,76,100,6.55
24,Lavrentiya,RU,65.5833,-171.0,-14.53,87,13,3.0
25,Asfi,MA,32.2994,-9.2372,62.1,63,1,1.81
26,Yellowknife,CA,62.456,-114.3525,9.41,91,100,5.99
27,Ushuaia,AR,-54.8,-68.3,43.45,64,46,19.66
28,Puerto Ayora,EC,-0.7393,-90.3518,75.16,92,99,7.78
29,Nikolskoye,RU,59.7035,30.7861,23.4,98,100,3.91
30,Butaritari,KI,3.0707,172.7902,82.53,71,69,17.38
31,Ukiah,US,39.1502,-123.2078,53.98,91,90,5.75
32,Jamestown,US,42.097,-79.2353,42.39,50,1,8.99
33,Vaini,TO,-21.2,-175.2,82.56,83,40,13.8
34,Nyurba,RU,63.2842,118.3319,-23.66,97,100,7.02
35,Alofi,NU,-19.0595,-169.9187,78.21,70,8,6.96
36,Ucluelet,CA,48.9329,-125.5528,41.09,86,100,6.96
37,Severo-Kurilsk,RU,50.6789,156.125,32.9,86,78,12.03
38,New Norfolk,AU,-42.7826,147.0587,61.92,57,14,3.0
39,Langfang,CN,39.5097,116.6947,20.88,43,0,6.17
40,Kodiak,US,57.79,-152.4072,15.28,57,1,34.52
41,Yeppoon,AU,-23.1333,150.7333,76.78,71,9,14.56
42,Busselton,AU,-33.65,115.3333,47.08,69,100,8.19
43,Eldoret,KE,0.5204,35.2699,55.02,89,98,15.43
44,Chemax,MX,20.65,-87.9333,81.59,63,49,4.9
45,Punta Arenas,CL,-53.15,-70.9167,50.11,34,0,23.02
46,Ilulissat,GL,69.2167,-51.1,19.42,68,90,9.22
47,San Quintin,MX,30.4833,-115.95,63.09,57,2,10.63
48,Bathsheba,BB,13.2167,-59.5167,81.21,83,75,18.41
49,Lubango,AO,-14.9172,13.4925,63.48,83,98,3.09
50,Awjilah,LY,29.1081,21.2869,55.11,74,2,8.88
51,Lerwick,GB,60.1545,-1.1494,48.2,79,100,22.82
52,Tabriz,IR,38.08,46.2919,31.46,80,0,6.91
53,Tutoia,BR,-2.7619,-42.2744,85.98,81,43,13.49
54,Mount Gambier,AU,-37.8333,140.7667,69.21,45,25,7.49
55,Victoria,HK,22.2855,114.1577,66.25,71,65,1.99
56,Fairbanks,US,64.8378,-147.7164,-8.77,69,1,3.44
57,Geraldton,AU,-28.7667,114.6,57.61,82,70,8.05
58,Hegra,NO,63.4644,11.114,36.52,93,75,2.3
59,Aitape,PG,-3.1374,142.3475,80.01,85,100,4.5
60,Kingaroy,AU,-26.5333,151.8333,70.05,77,90,9.22
61,Bose,IT,45.4612,8.0137,43.29,61,48,3.53
62,Iseyin,NG,7.9667,3.6,80.28,31,12,5.28
63,Shaoguan,CN,24.8,113.5833,52.99,71,100,2.86
64,Mao,ES,39.8885,4.2658,46.96,87,0,2.3
65,Pevek,RU,69.7008,170.3133,-33.25,97,13,1.03
66,Okhotsk,RU,59.3833,143.3,0.18,75,100,17.49
67,Emborion,GR,40.4833,21.55,43.32,99,100,5.88
68,Port Lincoln,AU,-34.7333,135.8667,61.47,68,85,15.41
69,Shimoda,JP,34.6667,138.95,51.1,61,1,24.27
70,Camana,PE,-16.6228,-72.7111,68.45,86,99,8.39
71,Talaja,IN,21.35,72.05,73.02,64,0,9.53
72,Phan Thiet,VN,10.9333,108.1,72.18,85,97,4.29
73,Loa Janan,ID,-0.583,117.095,72.7,99,66,2.46
74,Montepuez,MZ,-13.1256,38.9997,69.69,93,50,5.3
75,Esperance,AU,-33.8667,121.9,56.23,58,64,3.47
76,Bluff,NZ,-46.6,168.3333,61.81,71,26,4.76
77,Tuatapere,NZ,-46.1333,167.6833,61.83,54,58,3.18
78,Shache,CN,38.4167,77.2406,21.58,63,7,3.18
79,Hermanus,ZA,-34.4187,19.2345,64.9,87,57,7.61
80,Bambous Virieux,MU,-20.3428,57.7575,74.21,71,100,12.15
81,Naze,JP,28.3667,129.4833,59.92,70,76,18.39
82,Mataura,NZ,-46.1927,168.8643,61.48,50,64,2.13
83,Mar Del Plata,AR,-38.0023,-57.5575,65.98,84,100,11.95
84,Fort Myers Beach,US,26.452,-81.9481,85.01,71,1,4.61
85,Romitan,UZ,39.9343,64.3814,44.55,87,40,4.61
86,Constitucion,CL,-35.3333,-72.4167,59.45,58,0,19.42
87,Sorong,ID,-0.8833,131.25,81.5,80,100,5.01
88,Te Anau,NZ,-45.4167,167.7167,61.11,62,63,1.88
89,Safford,US,32.834,-109.7076,67.51,27,1,4.61
90,Manturovo,RU,58.3353,44.7619,11.12,94,98,5.12
91,Monrovia,LR,6.3005,-10.7969,78.57,82,9,7.87
92,Matagami,CA,49.7502,-77.6328,28.51,93,90,6.91
93,Porto San Giorgio,IT,43.1827,13.7934,45.18,71,7,9.37
94,Ouango,CF,4.3133,22.5552,76.62,49,98,1.39
95,Hamilton,US,39.1834,-84.5333,46.42,48,1,3.0
96,Yenagoa,NG,4.9247,6.2642,81.16,81,70,5.46
97,Bethel,US,41.3712,-73.414,44.58,43,1,3.44
98,Norman Wells,CA,65.282,-126.8329,-2.27,93,100,13.8
99,Marrakesh,MA,31.6315,-8.0083,55.47,41,0,4.61
100,Bengkulu,ID,-3.8004,102.2655,74.91,88,100,3.69
101,Gravdal,NO,68.1214,13.5031,37.29,70,75,3.44
102,Castro,BR,-24.7911,-50.0119,72.64,51,90,3.98
103,Atuona,PF,-9.8,-139.0333,79.18,77,16,19.22
104,Port Elizabeth,ZA,-33.918,25.5701,71.1,88,90,4.61
105,Umm Lajj,SA,25.0213,37.2685,76.32,45,100,1.74
106,Hasaki,JP,35.7333,140.8333,46.8,51,49,18.57
107,Taltal,CL,-25.4,-70.4833,64.6,73,27,6.2
108,Taonan,CN,45.3333,122.7833,7.65,82,15,9.55
109,Provideniya,RU,64.3833,-173.3,-7.49,64,0,4.47
110,Lewiston,US,44.1003,-70.2148,42.22,47,1,9.22
111,Cayenne,GF,4.9333,-52.3333,76.08,92,75,1.99
112,Tura,IN,25.5198,90.2201,56.12,76,0,3.8
113,Cravo Norte,CO,6.3017,-70.2041,88.05,45,95,9.22
114,Iracoubo,GF,5.4802,-53.2011,77.09,90,100,11.88
115,Ancud,CL,-41.8697,-73.8203,60.42,65,32,10.83
116,Mubi,NG,10.2676,13.2644,72.0,25,62,3.13
117,Ambilobe,MG,-13.2,49.05,73.56,78,8,3.87
118,Saint-Philippe,RE,-21.3585,55.7679,78.39,76,88,11.45
119,Narsaq,GL,60.9167,-46.05,19.62,80,3,4.38
120,Beringovskiy,RU,63.05,179.3167,-19.01,99,100,13.31
121,Faanui,PF,-16.4833,-151.75,80.71,73,51,10.78
122,Saint George,US,37.1041,-113.5841,61.27,37,1,3.0
123,Hearst,CA,49.6835,-83.6665,34.05,83,100,11.9
124,Boyolangu,ID,-8.1181,111.8935,76.15,90,88,3.89
125,Airai,TL,-8.9266,125.4092,62.47,86,100,1.72
126,Zychlin,PL,52.244,19.6261,29.23,96,36,5.53
127,Kulhudhuffushi,MV,6.6221,73.07,81.81,75,94,7.07
128,Cidreira,BR,-30.1811,-50.2056,71.94,84,0,12.66
129,Cape Town,ZA,-33.9258,18.4232,66.34,80,96,1.99
130,Aklavik,CA,68.2191,-135.0107,-3.17,90,100,21.88
131,Tautira,PF,-17.7333,-149.15,84.22,79,85,11.27
132,Hovd,MN,48.0056,91.6419,8.87,59,100,5.14
133,Hobart,AU,-42.8794,147.3294,62.26,63,20,4.0
134,Codrington,AU,-38.2667,141.9667,80.55,25,61,17.02
135,Fergus Falls,US,46.283,-96.0776,37.47,79,1,3.0
136,Sur,OM,22.5667,59.5289,70.61,62,7,5.41
137,Vanderhoof,CA,54.0166,-124.0198,25.14,69,97,3.98
138,Diapaga,BF,12.0708,1.7889,78.62,14,98,6.67
139,Lebu,CL,-37.6167,-73.65,57.22,63,2,9.35
140,Kibala,TD,9.1104,18.3463,71.55,56,0,0.0
141,Liancheng,CN,24.0519,105.075,43.99,92,100,1.54
142,Beloha,MG,-25.1667,45.05,72.16,85,61,7.14
143,Karakol,KG,42.4907,78.3936,17.51,59,80,7.36
144,North Bend,US,43.4065,-124.2243,49.86,95,99,17.29
145,Brandon,US,27.9378,-82.2859,83.37,77,1,1.99
146,Otjiwarongo,NA,-20.4637,16.6477,67.71,74,97,7.23
147,Mahebourg,MU,-20.4081,57.7,75.49,88,75,17.27
148,Urumqi,CN,43.801,87.6005,4.15,85,0,2.24
149,Maniitsoq,GL,65.4167,-52.9,19.51,66,9,4.63
150,Nanga Eboko,CM,4.6833,12.3667,70.95,51,36,1.3
151,Marawi,PH,7.9986,124.2928,65.64,93,76,2.68
152,El Alto,PE,-4.2714,-81.2147,71.26,76,40,12.39
153,Ponta Do Sol,PT,32.6667,-17.1,66.0,77,53,1.7
154,Bredasdorp,ZA,-34.5322,20.0403,61.29,88,100,3.0
155,Tasiilaq,GL,65.6145,-37.6368,41.16,77,100,18.9
156,Rovnoye,RU,50.7765,46.0509,19.2,76,7,9.98
157,East London,ZA,-33.0153,27.9116,71.56,96,100,11.36
158,Pimenta Bueno,BR,-11.6725,-61.1936,77.05,96,100,4.43
159,Kaitangata,NZ,-46.2817,169.8464,60.93,63,71,2.93
160,Hami,CN,42.8,93.45,22.26,45,12,4.88
161,Homnabad,IN,17.7667,77.1333,64.22,68,60,6.78
162,Ixtapa,MX,20.7,-105.2,79.83,74,1,6.91
163,Hithadhoo,MV,-0.6,73.0833,80.98,78,100,10.78
164,Lazaro Cardenas,MX,17.9583,-102.2,83.75,67,3,7.54
165,Mitu,CO,1.1983,-70.1733,80.56,79,85,2.8
166,Hobyo,SO,5.3505,48.5268,78.35,80,47,20.85
167,Pisco,PE,-13.7,-76.2167,69.85,83,20,18.41
168,Saskylakh,RU,71.9167,114.0833,-44.95,100,70,3.09
169,Contai,IN,21.7786,87.7536,64.74,60,2,8.05
170,Waingapu,ID,-9.6567,120.2641,80.08,82,99,1.32
171,Chokurdakh,RU,70.6333,147.9167,-38.9,97,98,1.99
172,Komsomolskiy,UZ,40.4272,71.7189,35.02,55,29,6.91
173,Aykhal,RU,66.0,111.5,-48.59,100,98,6.17
174,Vila Velha,BR,-20.3297,-40.2925,80.55,87,0,14.0
175,Tuktoyaktuk,CA,69.4541,-133.0374,-5.8,77,90,18.41
176,Portland,US,45.5234,-122.6762,46.81,86,90,4.0
177,Terney,RU,45.0503,136.6092,14.22,64,10,27.6
178,Ranfurly,NZ,-45.1333,170.1,56.64,66,100,0.98
179,Kapaa,US,22.0752,-159.319,80.92,72,75,3.0
180,Bilibino,RU,68.0546,166.4372,-35.41,96,14,4.9
181,Souillac,MU,-20.5167,57.5167,75.58,88,75,17.27
182,Zalari,RU,53.5584,102.5065,12.85,96,100,2.37
183,Dikson,RU,73.5069,80.5464,-17.21,94,95,14.67
184,Progreso,MX,21.2833,-89.6667,86.11,73,31,14.79
185,Alice Springs,AU,-23.7,133.8833,80.15,28,25,10.36
186,Novo Aripuana,BR,-5.1206,-60.3797,75.97,98,100,1.36
187,Mount Hagen,PG,-5.8581,144.2274,63.36,94,75,0.0
188,Tiksi,RU,71.6872,128.8694,-19.25,100,100,2.55
189,Coquimbo,CL,-29.9533,-71.3436,67.73,59,0,12.66
190,Karratha,AU,-20.7377,116.8463,85.82,25,0,9.8
191,Carmelo,UY,-33.9892,-58.2856,79.16,59,34,13.58
192,Dobroye,RU,52.8678,39.8109,21.7,73,90,9.82
193,Tigil,RU,57.8,158.6667,21.74,71,100,22.06
194,Guerrero Negro,MX,27.9769,-114.0611,67.5,45,45,9.15
195,Ulladulla,AU,-35.35,150.4667,65.88,67,2,3.15
196,Impfondo,CG,1.6381,18.0667,73.94,83,99,3.33
197,Krasnoarmeysk,RU,51.0239,45.6969,16.29,80,10,8.41
198,Vila,PT,42.0304,-8.1588,46.33,91,34,4.12
199,Hare Bay,CA,48.8499,-54.0148,40.35,76,100,18.57
200,Haines Junction,CA,60.7522,-137.5108,-5.85,54,99,8.05
201,Taksimo,RU,56.3444,114.8794,-7.83,99,100,1.74
202,Port Alfred,ZA,-33.5906,26.891,71.01,94,100,9.98
203,Ocampo,MX,21.65,-101.5,71.96,27,63,2.44
204,Comodoro Rivadavia,AR,-45.8667,-67.5,62.46,55,75,4.61
205,General Roca,AR,-39.0333,-67.5833,75.61,18,6,30.42
206,Rorvik,NO,64.8621,11.2373,42.91,87,75,20.71
207,Adrar,MR,20.5022,-10.0711,68.31,16,35,10.27
208,Verkhnyaya Inta,RU,65.9811,60.3094,10.8,94,100,10.33
209,Ziway,ET,7.9333,38.7167,61.86,60,99,10.87
210,Umm Kaddadah,SD,13.6017,26.6876,71.44,29,12,11.63
211,Thinadhoo,MV,0.5333,72.9333,80.51,75,91,7.96
212,Hanamaki,JP,39.3833,141.1167,28.99,84,66,21.85
213,Cabo San Lucas,MX,22.8909,-109.9124,76.3,68,20,4.61
214,Tilichiki,RU,60.4667,166.1,-8.16,84,100,16.71
215,Gewane,ET,10.1664,40.6453,72.9,58,67,5.95
216,Agua Dulce,MX,18.1333,-94.1333,73.18,84,34,21.21
217,Labuhan,ID,-6.8844,112.2051,77.92,87,98,8.5
218,Whitehorse,CA,60.7161,-135.0538,-3.23,70,90,5.99
219,Castelo Do Piaui,BR,-5.3222,-41.5525,88.23,30,87,5.61
220,Arraial Do Cabo,BR,-22.9661,-42.0278,77.27,88,83,24.65
221,Kalmunai,LK,7.4167,81.8167,77.07,89,100,6.67
222,Montlucon,FR,46.3333,2.6,46.11,93,95,3.58
223,Manokwari,ID,-0.8667,134.0833,79.56,79,100,3.98
224,Port Augusta,AU,-32.5,137.7667,77.7,68,24,17.56
225,Andenes,NO,69.3143,16.1194,34.07,93,75,8.05
226,Mount Isa,AU,-20.7333,139.5,85.77,16,8,6.91
227,Byron Bay,AU,-28.65,153.6167,75.18,83,97,8.68
228,Beisfjord,NO,68.3751,17.5988,33.96,94,91,3.87
229,Tekeli,KZ,44.83,78.8239,28.99,89,100,5.84
230,Chuy,UY,-33.6971,-53.4616,70.7,73,0,13.94
231,Puerto Baquerizo Moreno,EC,-0.9,-89.6,72.59,83,75,16.11
232,Tucuman,AR,-26.8241,-65.2226,95.0,46,20,6.91
233,Mogzon,RU,51.7435,111.9606,6.76,89,99,4.65
234,Tilbury,GB,51.4625,0.3586,54.25,88,100,11.12
235,Lumphat,KH,13.4878,106.9816,64.62,85,49,4.88
236,Krasnyy Chikoy,RU,50.3643,108.7512,-2.15,96,6,1.05
237,Anito,PH,12.4497,125.2886,78.06,90,99,15.41
238,Christchurch,NZ,-43.5333,172.6333,64.33,73,75,3.0
239,Sitka,US,57.0531,-135.33,33.69,75,90,5.75
240,Ostrovnoy,RU,68.0531,39.5131,30.52,89,100,16.55
241,San Cristobal,VE,7.7669,-72.225,75.38,66,63,4.83
242,Kristiinankaupunki,FI,62.2743,21.376,31.05,98,100,9.04
243,The Valley,AI,18.217,-63.0578,81.1,78,20,10.36
244,Haimen,CN,23.1935,116.6142,62.49,74,86,11.99
245,Flin Flon,CA,54.7682,-101.865,10.24,85,90,3.44
246,Broken Hill,AU,-31.95,141.4333,83.68,15,4,14.05
247,Nanortalik,GL,60.1432,-45.2371,21.87,77,29,0.38
248,Galle,LK,6.0367,80.217,77.32,85,96,3.36
249,San Juan,AR,-31.5375,-68.5364,78.71,38,3,20.24
250,Paramonga,PE,-10.6667,-77.8333,70.54,78,63,9.62
251,Ozernovskiy,RU,51.5,156.5167,33.19,87,100,14.79
252,Kodinsk,RU,58.6881,99.1844,-18.62,99,31,3.2
253,San Patricio,US,28.017,-97.5169,68.09,30,0,7.18
254,Miyako,JP,39.6367,141.9525,32.67,58,14,21.45
255,Saldanha,ZA,-33.0117,17.9442,62.64,91,100,11.99
256,Vanimo,PG,-2.6741,141.3028,80.8,81,100,5.26
257,Upernavik,GL,72.7868,-56.1549,6.26,91,100,10.02
258,High Level,CA,58.5169,-117.136,-0.29,78,75,5.75
259,Fez,MA,34.0372,-4.9998,50.11,76,0,3.44
260,Sao Jose Da Coroa Grande,BR,-8.8978,-35.1478,79.39,78,21,10.85
261,Challans,FR,46.8436,-1.8749,52.0,96,38,8.5
262,Flinders,AU,-34.5833,150.8552,67.8,75,17,3.53
263,Makat,KZ,47.6469,53.3463,24.8,50,0,11.07
264,Srednekolymsk,RU,67.45,153.6833,-43.06,99,98,1.25
265,Namibe,AO,-15.1961,12.1522,71.56,76,41,3.62
266,Penzance,GB,50.1186,-5.5371,54.61,85,93,28.83
267,Saint Anthony,US,45.0205,-93.218,35.94,64,1,5.01
268,Longyearbyen,SJ,78.2186,15.6401,31.84,74,75,18.41
269,Buraydah,SA,26.326,43.975,50.45,32,67,5.35
270,Half Moon Bay,US,37.4636,-122.4286,57.11,88,90,4.0
271,Iskateley,RU,67.6803,53.1512,17.04,95,100,9.08
272,Khatanga,RU,71.9667,102.5,-51.32,99,80,2.98
273,Nsanje,MW,-16.92,35.262,82.98,63,71,5.14
274,Kavaratti,IN,10.5669,72.642,80.85,74,89,2.95
275,Firozpur,IN,30.9167,74.6,50.22,28,0,4.68
276,Cao Bang,VN,22.6667,106.25,55.17,77,68,1.81
277,Mujiayingzi,CN,42.1167,118.7833,15.89,39,0,8.3
278,Taoudenni,ML,22.6783,-3.9836,68.94,16,58,12.68
279,Kahului,US,20.8947,-156.47,81.97,75,40,20.71
280,Meulaboh,ID,4.1363,96.1285,75.51,91,87,2.19
281,Oksovskiy,RU,62.6062,39.8984,16.97,94,100,6.67
282,Nhulunbuy,AU,-12.2333,136.7667,84.81,74,78,0.0
283,Kavieng,PG,-2.5744,150.7967,84.36,74,100,5.53
284,Vaitape,PF,-16.5167,-151.75,80.74,73,53,10.85
285,Jalu,LY,29.0331,21.5482,55.13,65,3,9.35
286,Xichang,CN,27.8964,102.2634,42.26,89,63,0.78
287,Nantucket,US,41.2835,-70.0995,44.13,45,1,12.66
288,Meadow Lake,US,34.8014,-106.5436,61.57,22,3,4.56
289,Raudeberg,NO,61.9875,5.1352,43.47,87,97,5.01
290,Mwinilunga,ZM,-11.7358,24.4293,65.95,81,99,3.51
291,Ban Nahin,LA,18.2418,104.2122,61.5,82,3,5.39
292,Torbay,CA,47.6666,-52.7314,52.68,92,90,33.38
293,Nautla,MX,20.2167,-96.7833,70.95,59,32,9.22
294,Sibolga,ID,1.7427,98.7792,75.76,90,100,1.52
295,Warren,US,39.4334,-84.1666,46.02,52,1,1.01
296,Ascension,US,30.2169,-90.9001,65.05,44,1,4.61
297,Yar-Sale,RU,66.8333,70.8333,-15.86,99,81,4.16
298,Sambava,MG,-14.2667,50.1667,74.89,85,95,7.9
299,Varhaug,NO,58.6147,5.6457,43.9,88,100,13.73
300,York,US,40.1254,-77.0,44.19,35,1,5.75
301,Felanitx,ES,39.4696,3.1483,49.14,86,0,4.16
302,Georgetown,MY,5.4112,100.3354,78.89,82,20,0.0
303,Leningradskiy,RU,69.3833,178.4167,-31.59,91,3,4.27
304,Tezu,IN,27.9167,96.1667,58.59,53,35,3.67
305,Leninskoye,KZ,41.7589,69.3864,40.93,87,81,2.98
306,Ribeira Grande,PT,38.5167,-28.7,58.71,53,100,21.34
307,Raton,US,36.9034,-104.4391,65.05,11,1,3.0
308,Shiyan,CN,32.6475,110.7781,38.12,85,7,2.33
309,Polyarnyy,RU,69.1989,33.4478,25.27,91,89,12.46
310,Lac Du Bonnet,CA,50.2536,-96.0612,32.59,94,100,4.32
311,Grand Gaube,MU,-20.0064,57.6608,75.6,78,98,3.0
312,Civitavecchia,IT,42.0933,11.7967,44.01,63,3,8.08
313,Okha,RU,53.5739,142.9478,25.25,85,100,20.04
314,Mizan Teferi,ET,6.9833,35.5833,64.96,50,100,2.26
315,Aksarka,RU,66.5606,67.7975,-7.98,100,89,2.37
316,Presidencia Roque Saenz Pena,AR,-26.7852,-60.4388,94.93,31,28,10.51
317,Ocumare Del Tuy,VE,10.1165,-66.7761,80.6,71,87,4.5
318,Kirakira,SB,-10.4544,161.9205,83.3,82,96,13.94
319,Araouane,ML,18.9048,-3.5265,72.25,9,28,9.01
320,West Bay,KY,19.3667,-81.4167,84.27,78,20,3.0
321,Opuwo,NA,-18.0607,13.84,75.83,51,36,8.55
322,Hay River,CA,60.8156,-115.7999,-2.22,78,75,10.36
323,Mayo,US,38.8876,-76.5119,49.1,43,1,1.01
324,Ahipara,NZ,-35.1667,173.1667,71.49,88,100,7.7
325,Saint-Francois,FR,46.4154,3.9054,43.48,97,90,3.44
326,San Andres,CO,12.5847,-81.7006,82.42,78,75,8.05
327,Vostok,RU,46.4856,135.8833,1.74,96,100,8.14
328,Udachnyy,RU,66.4167,112.4,-46.55,71,100,3.83
329,Mackay,AU,-21.15,149.2,83.68,66,16,16.26
330,Victoria Point,AU,-27.5833,153.3,79.45,70,16,4.0
331,Carutapera,BR,-1.195,-46.02,80.28,79,29,7.72
332,Maine-Soroa,NE,13.2114,12.0241,72.16,18,100,8.81
333,Kununurra,AU,-15.7667,128.7333,85.98,70,10,0.0
334,Asbury Park,US,40.2204,-74.0121,47.97,50,1,5.75
335,Lunino,RU,53.5918,45.2271,19.9,74,27,8.37
336,Kuching,MY,1.55,110.3333,75.42,94,40,3.44
337,Galesong,ID,-5.3166,119.3661,73.42,85,100,6.55
338,Husavik,IS,66.0449,-17.3389,40.91,79,94,15.5
339,Lorengau,PG,-2.0226,147.2712,82.94,82,100,15.77
340,Maykor,RU,59.0059,55.88,8.33,90,100,5.14
341,Bluefield,US,37.2698,-81.2223,39.24,50,1,0.0
342,Laguna,US,38.421,-121.4238,54.91,83,90,4.0
343,Camacha,PT,33.0833,-16.3333,62.53,88,40,2.3
344,Hinton,CA,53.4001,-117.5857,27.1,84,99,2.17
345,Qingdao,CN,36.0986,120.3719,22.6,74,0,2.24
346,Vallenar,CL,-28.5708,-70.7581,75.4,29,0,10.25
347,Real,PH,14.6625,121.6047,78.15,89,100,16.53
348,Warburton,PK,31.55,73.8333,50.2,29,0,4.18
349,Saint-Georges,GD,12.0564,-61.7485,76.68,88,75,9.22
350,Uinskoye,RU,56.8817,56.5813,8.94,90,99,3.83
351,Cerqueira Cesar,BR,-23.0356,-49.1661,81.07,27,82,6.69
352,Quatre Cocos,MU,-20.2078,57.7625,75.31,70,100,12.08
353,Djougou,BJ,9.7085,1.666,78.98,22,11,5.86
354,Klamath Falls,US,42.2249,-121.7817,40.87,66,90,5.01
355,Sabzevar,IR,36.2126,57.6819,40.8,61,3,3.29
356,Tottori,JP,35.5,134.2333,48.27,61,75,21.85
357,Marovoay,MG,-16.1,46.6333,82.54,72,77,0.74
358,Reftinskiy,RU,57.0901,61.6769,9.0,65,68,11.05
359,Bhadrapur,NP,26.544,88.0944,59.54,64,2,2.53
360,Riyadh,SA,24.6877,46.7219,51.94,29,33,6.22
361,Coatzintla,MX,20.4833,-97.45,70.38,52,90,0.0
362,Raga,SS,8.4596,25.678,76.82,29,60,2.53
363,Cururupu,BR,-1.8283,-44.8683,79.57,83,70,5.66
364,Vidim,RU,56.4088,103.1106,5.9,97,100,4.21
365,Ponta Delgada,PT,37.7333,-25.6667,56.5,67,20,10.36
366,Conde,BR,-7.2597,-34.9075,80.06,83,20,8.05
367,Yuli,NG,9.6989,10.2744,76.17,22,74,5.68
368,Petropavlovsk-Kamchatskiy,RU,53.0452,158.6483,27.19,74,75,4.47
369,Saquena,PE,-4.6667,-73.5167,84.25,72,75,3.6
370,Dulmen,DE,51.8333,7.3,49.62,92,100,9.6
371,Pastavy,BY,55.1168,26.8326,27.1,97,96,6.42
372,Morondava,MG,-20.2833,44.2833,80.01,75,91,6.24
373,Kupang,ID,-10.1667,123.5833,77.58,100,40,1.14
374,Wladyslawowo,PL,54.7909,18.4009,34.93,92,98,8.84
375,Hualmay,PE,-11.0964,-77.6139,71.17,76,78,10.71
376,Namatanai,PG,-3.6667,152.4333,82.98,74,97,3.74
377,Port-Gentil,GA,-0.7193,8.7815,79.36,80,100,4.56
378,Bowen,AU,-20.0167,148.2333,81.57,63,8,11.21
379,Salalah,OM,17.0151,54.0924,73.49,38,0,9.22
380,Saint-Joseph,RE,-21.3667,55.6167,77.38,74,89,12.55
381,Black River,JM,18.0264,-77.8487,82.4,73,39,5.82
382,Krasnoselkup,RU,65.7,82.4667,-16.58,93,100,5.91
383,Soyo,AO,-6.1349,12.3689,78.28,88,93,2.1
384,Lianran,CN,24.9227,102.485,41.54,95,100,2.77
385,General Cepeda,MX,25.3833,-101.45,67.41,33,0,3.13
386,Berlevag,NO,70.8578,29.0864,30.2,74,75,11.5
387,Khani,GE,41.9563,42.9566,44.17,43,72,7.7
388,Valle Hermoso,MX,25.6667,-97.8333,69.69,48,76,6.93
389,Chipinge,ZW,-20.1883,32.6236,66.47,85,3,7.96
390,Farafangana,MG,-22.8167,47.8333,74.57,81,8,5.39
391,Fortuna,US,40.5982,-124.1573,52.66,77,40,1.01
392,Urcos,PE,-13.6861,-71.6228,66.09,55,99,8.48
393,Swan River,CA,52.1058,-101.2676,22.89,80,94,2.3
394,San Ramon,US,37.7799,-121.978,55.62,77,90,3.0
395,Broome,US,42.2506,-75.833,41.63,54,1,1.99
396,Awbari,LY,26.5921,12.7805,52.23,57,1,5.57
397,Buala,SB,-8.145,159.5921,83.93,78,100,7.54
398,Poso,ID,-1.3959,120.7524,76.77,87,84,4.09
399,Klaksvik,FO,62.2266,-6.589,41.92,69,100,17.81
400,Iqaluit,CA,63.7506,-68.5145,6.53,65,75,10.0
401,Dudinka,RU,69.4058,86.1778,-29.16,93,81,6.38
402,Yarkovo,RU,57.4028,67.0786,12.34,88,37,7.52
403,Tabas,IR,33.5959,56.9244,48.29,40,25,2.62
404,Saint-Pierre,RE,-21.3393,55.4781,78.48,68,75,11.5
405,Zhanaozen,KZ,43.3,52.8,23.68,65,0,9.42
406,Palmer,US,42.1584,-72.3287,41.56,52,1,5.75
407,Guozhen,CN,34.3659,107.359,33.76,73,7,2.46
408,Kruisfontein,ZA,-34.0033,24.7314,68.88,95,100,8.43
409,Peniche,PT,39.3558,-9.3811,61.61,73,4,6.91
410,Huarmey,PE,-10.0681,-78.1522,71.4,75,79,9.35
411,Marystown,CA,47.1666,-55.1483,42.85,100,100,11.99
412,Tugolesskiy Bor,RU,55.5505,39.8242,17.74,92,68,6.67
413,Rio Gallegos,AR,-51.6226,-69.2181,55.45,21,40,34.52
414,Lufilufi,WS,-13.8745,-171.5986,89.38,71,69,12.84
415,Manuk Mangkaw,PH,4.8,119.85,81.66,78,49,3.69
416,Pilna,RU,55.5539,45.9219,14.56,85,66,6.87
417,Martil,MA,35.6166,-5.2752,60.87,94,20,6.91
418,Mandalgovi,MN,45.7625,106.2708,11.95,45,0,13.65
419,Serenje,ZM,-13.2325,30.2352,70.65,45,12,7.23
420,Port Macquarie,AU,-31.4333,152.9167,73.89,64,1,10.27
421,Seoul,KR,37.5683,126.9778,24.24,58,0,6.91
422,Touros,BR,-5.1989,-35.4608,83.3,75,8,15.01
423,Anadyr,RU,64.75,177.4833,-30.5,68,75,8.95
424,Zambezi,ZM,-13.5432,23.1047,73.15,58,100,4.25
425,Henties Bay,NA,-22.116,14.2845,60.85,87,0,3.85
426,Port Hardy,CA,50.6996,-127.4199,38.75,100,75,3.44
427,Kita,ML,13.0349,-9.4895,76.46,13,20,3.69
428,Coihaique,CL,-45.5752,-72.0662,55.35,58,75,5.75
429,Porto Torres,IT,40.835,8.3972,37.58,67,7,2.48
430,Monywa,MM,22.1167,95.1333,64.09,69,1,6.26
431,Pula,HR,44.8683,13.8481,47.26,74,0,5.75
432,Valparaiso,CL,-33.0393,-71.6273,69.44,52,0,16.11
433,Puerto Escondido,MX,15.85,-97.0667,86.83,62,1,8.05
434,Bafra,TR,41.5678,35.9069,40.78,49,0,8.3
435,Olafsvik,IS,64.8945,-23.7142,41.94,90,98,20.96
436,Beyneu,KZ,45.3167,55.2,22.21,69,7,9.53
437,Saint-Augustin,CA,51.226,-58.6502,28.96,72,91,29.82
438,Lamu,KE,-2.2717,40.902,80.82,82,85,9.95
439,Arua,UG,3.0201,30.9111,68.07,37,97,0.92
440,Darhan,MN,49.4867,105.9228,2.59,91,11,0.94
441,Talnakh,RU,69.4865,88.3972,-24.83,85,92,1.03
442,Ushtobe,KZ,45.2514,77.9838,34.7,90,100,3.94
443,Samarai,PG,-10.6167,150.6667,82.99,77,100,11.14
444,Bezhetsk,RU,57.7851,36.6965,28.96,97,100,10.8
445,Kenai,US,60.5544,-151.2583,6.85,56,1,14.97
446,Madanapalle,IN,13.55,78.5,64.44,99,70,2.75
447,Trincomalee,LK,8.5711,81.2335,80.42,80,100,14.03
448,Chumikan,RU,54.7183,135.315,6.51,93,100,10.89
449,Enumclaw,US,47.2043,-121.9915,40.01,92,100,5.73
450,Miri,MY,4.4148,114.0089,75.34,94,40,0.0
451,Bonham,US,33.5773,-96.1783,58.32,35,1,12.66
452,Gazli,UZ,40.1333,63.45,44.53,89,100,3.8
453,Tallahassee,US,30.4383,-84.2807,64.63,75,40,5.75
454,Tarakan,ID,3.3,117.6333,76.5,94,20,2.3
455,Rocha,UY,-34.4833,-54.3333,72.72,68,59,11.81
456,Paamiut,GL,61.994,-49.6678,10.53,79,1,7.09
457,Sao Joao Da Barra,BR,-21.6403,-41.0511,76.3,89,88,22.37
458,Nusaybin,TR,37.0778,41.2178,51.82,30,100,5.06
459,Sao Filipe,CV,14.8961,-24.4956,75.29,69,89,5.08
460,Sharan,RU,54.8167,54.0,9.64,92,31,2.82
461,Maarianhamina,AX,60.0973,19.9348,26.46,100,75,0.0
462,Clyde River,CA,70.4692,-68.5914,-1.97,92,90,10.36
463,Burgeo,CA,47.6167,-57.6152,35.58,69,100,32.73
464,Shakawe,BW,-18.3667,21.85,70.59,76,99,9.28
465,Evensk,RU,61.95,159.2333,11.16,48,100,23.02
466,Kozlovka,RU,55.8428,48.2492,14.52,90,32,5.91
467,Urengoy,RU,65.9667,78.3667,-25.55,90,71,7.45
468,Bull Savanna,JM,17.8868,-77.5902,78.03,72,25,4.83
469,Dingle,PH,10.9995,122.6711,75.34,92,92,7.99
470,Roxas,PH,11.5853,122.7511,77.97,89,99,14.92
471,Vargem Alta,BR,-20.6714,-41.0069,71.11,93,98,4.05
472,Cap Malheureux,MU,-19.9842,57.6142,75.69,78,97,3.0
473,Hambantota,LK,6.1241,81.1185,78.26,81,100,13.58
474,Bouna,CI,9.2667,-3.0,80.96,20,67,2.51
475,Podporozhye,RU,60.9112,34.1706,25.2,96,100,4.97
476,Bubaque,GW,11.2833,-15.8333,81.39,73,22,14.25
477,Lagoa,PT,39.05,-27.9833,57.96,51,100,22.84
478,Hanna,CA,51.6334,-111.9018,27.32,91,76,4.14
479,Coos Bay,US,43.3665,-124.2179,49.93,96,98,1.01
480,Belaya Gora,RU,68.5333,146.4167,-42.32,98,82,1.5
481,Mombetsu,JP,44.3525,143.3525,31.86,76,54,23.2
482,Uyuni,BO,-20.4597,-66.825,58.93,14,0,11.88
483,Vawkavysk,BY,53.1561,24.4513,29.17,90,89,4.79
484,Ambon,ID,-3.6954,128.1814,77.14,94,40,6.91
485,Mahibadhoo,MV,3.7833,72.9667,80.29,81,94,10.27
486,Verkh-Usugli,RU,52.7,115.1667,-2.79,98,97,2.44
487,Guadalupe Victoria,MX,32.2869,-115.105,69.08,13,3,3.33
488,Port Blair,IN,11.6667,92.75,79.11,74,72,12.48
489,Wucheng,CN,29.6008,118.175,46.2,91,100,3.09
490,Saint Albans,GB,51.75,-0.3333,53.11,86,90,13.8
491,Aras,ES,42.5617,-2.356,43.32,100,0,2.3
492,Sept-Iles,CA,50.2001,-66.3821,29.05,66,40,23.0
493,Kurumkan,RU,54.3,110.3,7.12,96,97,3.6
494,Praxedis Guerrero,MX,31.3667,-106.0167,64.56,31,0,1.57
495,Sibu,MY,2.3,111.8167,75.51,100,40,0.0
496,Caohe,CN,30.2297,115.4335,45.61,90,39,1.63
497,Rawson,AR,-43.3002,-65.1023,59.13,64,88,21.72
498,Kysyl-Syr,RU,63.8986,122.7617,-22.04,98,100,6.73
499,Merauke,ID,-8.4667,140.3333,79.84,85,99,13.11
500,Luebo,CD,-5.35,21.4167,71.65,98,100,0.96
501,Male,MV,4.1748,73.5089,80.55,89,75,8.05
502,Korla,CN,41.7597,86.1469,17.46,73,19,1.39
503,Waw,SS,7.7029,27.9953,78.96,30,57,4.63
504,Santa Rosa,PH,14.3122,121.1114,78.12,82,99,14.43
505,Almazar,UZ,40.3217,69.0106,38.91,57,49,4.76
506,Zaragoza,ES,41.6561,-0.8773,46.85,84,0,1.01
507,Turangi,NZ,-39.0,175.9333,70.43,82,100,2.19
508,Mbini,GQ,1.574,9.6134,79.92,84,92,6.44
509,Tiznit,MA,29.5833,-9.5,61.48,35,96,1.77
510,Najran,SA,17.4924,44.1277,52.45,60,6,2.3
511,Gat,IL,31.61,34.7642,71.4,33,100,2.64
512,Nome,US,64.5011,-165.4064,-12.93,64,1,6.91
513,Inongo,CD,-1.95,18.2667,71.02,91,100,4.41
514,Svetlogorsk,BY,52.6333,29.7333,36.03,95,99,4.83
515,Strezhevoy,RU,60.7333,77.5889,-2.02,100,86,2.35
516,Koumac,NC,-20.5667,164.2833,76.1,92,100,5.75
517,Pringsewu,ID,-5.3582,104.9744,72.72,97,75,1.88
518,Cockburn Town,TC,21.4612,-71.1419,79.86,74,5,18.28
519,Yulara,AU,-25.2406,130.9889,73.24,78,100,5.75
520,Lasa,IT,46.6166,10.7002,28.36,92,52,6.82
521,Barabai,ID,-2.5833,115.3833,73.78,97,99,1.25
522,Bangassou,CF,4.7413,22.8184,75.34,44,95,2.57
523,Tessalit,ML,20.1986,1.0114,70.68,9,4,8.86
524,Isangel,VU,-19.55,169.2667,83.77,76,100,9.1
525,Ballina,AU,-28.8667,153.5667,71.64,84,90,6.91
526,Breves,BR,-1.6822,-50.4803,82.26,71,99,2.93
527,Cherskiy,RU,68.75,161.3,-42.68,100,49,1.43
528,Malazgirt,TR,39.1427,42.5401,28.69,55,7,2.71
529,Mizusawa,JP,39.1333,141.1333,30.4,82,47,20.58
530,Prince Rupert,CA,54.3161,-130.3201,37.09,60,1,6.91
531,Donskoy,RU,53.9711,38.3363,22.14,87,74,9.44
532,La Primavera,CO,5.4906,-70.4092,88.2,46,71,8.86
533,Novouzensk,RU,50.4592,48.1431,16.92,80,9,7.78
534,Kokorevka,RU,52.5872,34.2778,31.78,84,100,7.78
535,Shelburne,CA,44.0787,-80.2041,37.67,72,0,20.78
536,Gillette,US,44.2911,-105.5022,43.05,53,1,18.99
537,Kuryk,KZ,43.2,51.65,29.44,51,0,9.13
538,Slavsk,RU,55.0425,21.677,28.22,96,88,5.66
539,Spassk,RU,52.747,87.7545,18.01,94,100,6.69
540,Mayor Pablo Lagerenza,PY,-19.9309,-60.7718,87.85,53,100,8.66
541,Nijar,ES,36.9665,-2.206,54.64,72,0,10.36
542,Wuzhou,CN,23.4833,111.3167,47.52,77,5,3.38
543,Pierre,US,44.3683,-100.351,49.05,43,1,8.99
544,Baykit,RU,61.67,96.37,-24.74,99,41,2.3
545,Belogorsk,RU,50.9158,128.4611,-19.79,98,17,3.22
546,Hoquiam,US,46.9809,-123.8893,42.93,87,75,11.5
547,Maumere,ID,-8.6199,122.2111,80.73,81,100,3.38
548,Amapa,BR,1.0,-52.0,74.1,96,77,3.2
549,Plettenberg Bay,ZA,-34.0527,23.3716,65.68,91,95,2.08
550,Lucapa,AO,-8.4192,20.7447,66.79,97,100,2.89
551,Tshane,BW,-24.0196,21.8684,75.04,55,100,11.88
552,Mocuba,MZ,-16.8392,36.9856,81.36,58,1,6.91
553,Hirara,JP,24.8,125.2833,68.27,83,75,19.57
554,Saint-Louis,SN,16.3333,-15.0,78.44,10,98,8.79
555,Tullahoma,US,35.362,-86.2094,49.66,42,1,4.61
556,Tonantins,BR,-2.8731,-67.8022,78.6,96,82,3.13
557,Yerbogachen,RU,61.2767,108.0108,-39.57,98,33,4.14
558,Mecca,SA,21.4267,39.8261,72.43,64,39,2.51
559,Tabuk,PH,17.4189,121.4443,70.3,86,100,5.3
560,Patiya,BD,22.2931,91.9762,57.31,76,7,4.29
561,Plouzane,FR,48.3833,-4.6167,52.12,96,90,16.11
562,Bonthe,SL,7.5264,-12.505,80.02,84,12,6.26
563,Bud,US,39.447,-86.1758,46.38,52,5,8.95
564,Jinchang,CN,38.4953,102.1739,22.98,33,0,3.87
565,Rosarito,MX,32.3333,-117.0333,67.64,50,23,6.64
566,Frankfurt,DE,50.1167,8.6833,44.38,95,90,5.75
567,Xingyi,CN,24.1877,102.817,44.22,96,99,3.0
568,Werda,BW,-25.2667,23.2833,72.79,64,92,5.7
569,Lakes Entrance,AU,-37.8811,147.981,65.16,70,4,7.87
570,Ampanihy,MG,-24.7,44.75,74.79,70,97,2.62
571,Come,BJ,6.4076,1.882,83.91,82,30,8.79
572,Leiyang,CN,26.4024,112.8591,49.24,80,99,4.03
573,Baykalsk,RU,51.5058,104.1469,22.66,75,71,2.33
574,Sao Gabriel Da Cachoeira,BR,-0.1303,-67.0892,78.26,94,74,0.63
575,Shu,KZ,43.5983,73.7614,41.23,81,93,6.55
576,Ca Mau,VN,9.1769,105.15,74.05,90,99,2.1
577,Bojnurd,IR,37.4747,57.329,40.95,87,75,11.5
578,La Ronge,CA,55.1001,-105.2842,10.65,92,90,1.14
579,Marshall,US,34.3834,-86.3333,53.65,53,1,3.44
580,Qaqortoq,GL,60.7167,-46.0333,19.9,84,9,4.36
581,Hirson,FR,49.9226,4.0826,47.19,97,100,7.87
582,Yabelo,ET,4.8833,38.0833,60.67,50,98,16.04
583,Golkoy,TR,40.6875,37.6178,36.81,46,0,9.95
584,Kalabo,ZM,-14.97,22.6814,77.49,54,100,12.24
585,Nara,JP,34.6851,135.8049,46.96,56,99,10.8
586,Marienburg,PL,54.0359,19.0266,30.11,96,87,5.37
587,Atbasar,KZ,51.8,68.3333,-1.14,97,10,4.36
588,Le Creusot,FR,46.8071,4.4163,42.48,94,99,1.88
589,Fort-Shevchenko,KZ,44.5086,50.263,29.71,63,0,14.7
590,Santa Isabel Do Rio Negro,BR,-0.4139,-65.0192,77.94,86,71,2.57
591,Peshkovo,RU,47.0187,39.3885,29.25,70,100,20.0
592,Zabol,AF,32.25,67.25,32.34,37,0,6.31
593,Iralaya,HN,15.0,-83.2333,80.69,85,2,9.91
594,Vardo,NO,70.3705,31.1107,30.4,84,89,26.51
595,Poum,NC,-20.2333,164.0167,77.67,91,100,14.36
596,Pasni,PK,25.2631,63.471,69.98,32,25,15.03
597,Mandan,US,46.8267,-100.8896,46.38,57,1,9.22
598,Mastung,PK,29.7994,66.845,38.12,27,0,3.98
599,At-Bashi,KG,41.1702,75.8106,5.68,72,94,2.04
600,Luneville,FR,48.6,6.5,42.03,91,99,2.57
601,Qandala,SO,11.472,49.8728,75.2,77,8,4.32
602,Denpasar,ID,-8.65,115.2167,78.46,88,40,5.75
603,Pavlovka,RU,52.6897,47.1405,13.95,87,26,4.14
604,Wilmington Island,US,32.0036,-80.9737,60.89,65,1,8.05
605,Joensuu,FI,62.6012,29.7632,25.11,95,100,5.75
606,Aloleng,PH,16.1307,119.7824,77.95,73,89,7.61
607,Agucadoura,PT,41.4318,-8.7804,55.31,79,18,6.49
608,Bogorodskoye,RU,56.55,37.8833,24.1,91,100,11.14
609,Itoman,JP,26.1247,127.6694,68.02,76,75,21.85
610,Moron,AR,-34.6534,-58.6198,79.0,71,84,5.44
611,Salto,UY,-31.3833,-57.9667,84.87,56,64,5.77
612,Curup,ID,-3.4667,102.5333,66.92,95,99,1.9
613,El Retorno,CO,2.3302,-72.6276,79.3,72,69,2.68
614,Tumut,AU,-35.3,148.2167,67.19,55,0,3.0
615,Harrisonburg,US,38.4496,-78.8689,42.89,50,1,0.0
616,Gao,ML,16.6362,1.637,73.62,10,98,10.85
617,Glendive,US,47.1053,-104.7125,50.63,43,1,5.75
618,Toledo,ES,39.8333,-4.0,52.09,74,46,5.48
619,Chambersburg,US,39.9376,-77.6611,45.21,45,0,3.0
620,Tepalcingo,MX,18.6,-98.85,86.65,32,10,2.35
621,Alice Town,BS,25.7167,-79.3,77.68,73,10,14.18
622,Abu Dhabi,AE,24.4667,54.3667,71.96,66,20,2.3
623,Houma,US,29.5958,-90.7195,60.8,68,1,8.05
624,Goba,ET,7.0167,39.9833,47.41,74,100,3.76
625,Arman,RU,59.7,150.1667,7.02,94,100,9.66
626,Los Llanos De Aridane,ES,28.6585,-17.9182,62.35,74,20,10.0
627,Nalut,LY,30.3333,10.85,44.67,57,3,8.37
628,Kemijarvi,FI,66.7131,27.4306,24.91,97,99,5.79
629,Kismayo,SO,-0.3582,42.5454,79.86,79,36,12.08
630,Nisia Floresta,BR,-6.0911,-35.2086,83.21,78,11,10.31
631,Smiltene,LV,57.4244,25.9016,32.56,96,99,5.64
632,Limpapa,PH,7.1197,121.9106,74.53,80,49,3.91
633,Kloulklubed,PW,7.0419,134.2556,79.3,80,74,14.23
634,Teahupoo,PF,-17.8333,-149.2667,78.76,79,87,11.39
635,Omboue,GA,-1.5746,9.2618,75.83,91,100,3.11
636,Pathein,MM,16.7833,94.7333,70.05,85,6,5.86
637,Gunjur,GM,13.2019,-16.7339,77.07,73,40,3.44
638,Sisimiut,GL,66.9395,-53.6735,15.84,86,60,10.0
639,Miles City,US,46.4083,-105.8406,54.57,26,1,18.41
640,Pangnirtung,CA,66.1451,-65.7125,-4.63,70,56,7.54
641,Obama,JP,35.4958,135.746,46.62,74,100,17.43
642,Champerico,GT,14.3,-91.9167,88.34,68,1,8.01
643,Prainha,BR,-1.8,-53.48,79.0,78,98,3.29
644,Bolobo,CD,-2.1667,16.2333,70.56,95,99,1.36
645,Abu Kamal,SY,34.4506,40.9171,55.54,47,100,1.88
646,Agadir,MA,30.4202,-9.5982,54.05,43,36,5.91
647,Qinhuangdao,CN,39.9317,119.5883,24.6,36,0,9.31
648,Santa Cruz,BO,-17.8,-63.1667,78.85,83,90,5.75
649,Muroto,JP,33.2833,134.15,48.24,59,12,11.5
650,Huejuquilla El Alto,MX,22.6,-103.8667,74.62,21,44,9.01
651,Banda Aceh,ID,5.5577,95.3222,77.07,86,17,12.39
652,Bodden Town,KY,19.2833,-81.25,84.2,79,20,5.01
653,Kapit,MY,2.0167,112.9333,73.98,99,100,1.61
654,Sooke,CA,48.3746,-123.7276,42.96,95,100,3.44
655,Khilok,RU,51.3674,110.4676,7.39,90,86,3.78
656,Itaituba,BR,-4.2761,-55.9836,75.52,97,100,1.92
657,Douentza,ML,14.9951,-2.9517,76.66,15,100,3.36
658,Launceston,AU,-41.45,147.1667,64.62,57,40,5.99
659,Ocos,GT,14.5094,-92.1933,88.3,71,0,5.66
660,Darfield,GB,53.5339,-1.376,54.37,84,76,10.0
661,Asyut,EG,27.181,31.1837,62.78,42,96,4.7
662,Axim,GH,4.8699,-2.2405,79.77,85,66,6.11
663,Payo,ID,-3.7508,103.6372,71.78,99,94,2.28
664,Marquette,US,46.5333,-87.6335,40.68,51,74,11.68
665,Bahia Blanca,AR,-38.7196,-62.2724,70.88,33,47,16.22
666,Minjur,IN,13.2667,80.2667,80.01,83,45,9.33
667,Silver City,US,32.7701,-108.2803,58.03,32,1,1.99
668,Makakilo City,US,21.3469,-158.0858,80.92,60,75,13.8
669,Porto Nacional,BR,-10.7081,-48.4172,73.4,93,100,1.99
670,Omsukchan,RU,62.5333,155.8,-4.38,98,100,6.91
671,Tahoua,NE,14.8888,5.2692,73.38,17,0,4.61
672,Diffa,NE,13.3154,12.6113,72.43,19,100,8.88
673,Cabedelo,BR,-6.9811,-34.8339,81.27,77,10,12.62
674,Vao,NC,-22.6667,167.4833,75.67,93,100,14.32
675,Ambulu,ID,-8.345,113.6058,78.82,87,88,1.68
676,Poshekhonye,RU,58.4993,39.1353,25.48,94,100,8.43
677,Sistranda,NO,63.7256,8.834,40.89,77,100,10.45
678,Birjand,IR,32.8663,59.2211,27.07,46,0,6.91
679,Anjangaon,IN,21.1631,77.3094,62.89,61,15,5.79
680,Coracao De Jesus,BR,-16.6853,-44.365,75.92,95,100,6.08
681,Sinnamary,GF,5.3833,-52.95,77.09,90,100,10.58
682,Pundaguitan,PH,6.3711,126.1689,81.95,77,99,6.06
683,Egvekinot,RU,66.3167,-179.1667,-22.72,81,1,6.51
684,Daly City,US,37.7058,-122.4619,55.67,91,90,11.01
685,Maracaibo,VE,10.6317,-71.6406,78.8,72,97,10.51
686,Timmins,CA,48.4669,-81.3331,31.82,86,20,9.22
687,Dwarka,IN,22.2394,68.9678,73.0,56,0,8.16
688,Songea,TZ,-10.6833,35.65,62.47,96,79,3.98
689,Ho Chi Minh City,VN,10.75,106.6667,77.02,73,40,4.61
690,Iwanai,JP,42.9744,140.5089,26.65,78,100,27.42
691,Baoshan,CN,46.5586,131.4244,5.61,70,3,16.87
692,Harper,LR,4.375,-7.7169,79.9,83,39,7.61
693,Abu Samrah,SY,35.3029,37.1841,55.29,48,95,8.46
694,Luis Correia,BR,-2.8792,-41.6669,86.0,74,20,18.41
695,Albi,FR,43.9298,2.148,46.45,93,52,1.99
696,Chaiyaphum,TH,15.75,102.0,75.92,61,89,14.94
697,Sangin,AF,32.0728,64.8359,42.21,34,0,2.93
